Variant ID,Gene,Verdict,Flag Mapping Error,Flag Genotyping Error,Flag Homopolymer,Flag No Read Data,Flag Reference Error,Flag Strand Bias,Flag Mnv/Frame Restore,Flag Essential Splice Rescue,Flag Minority Of Transcripts,Flag Weak Exon Conservation,Flag Last Exon,Flag Other Transcript Error,Flag Partial Exon Conservation,Flag Weak Essential Splice Rescue,Flag Low Relative Mean Pext/Pext does not Support Splicing
15-51294787-G-A,ENSG00000081014:AP4E1,not_lof,FALSE,FALSE,FALSE,FALSE,FALSE,FALSE,FALSE,FALSE,FALSE,FALSE,TRUE,FALSE,FALSE,FALSE,FALSE
15-51294758-C-T,ENSG00000081014:AP4E1,not_lof,FALSE,FALSE,FALSE,FALSE,FALSE,FALSE,FALSE,FALSE,FALSE,FALSE,TRUE,FALSE,FALSE,FALSE,FALSE
15-51294730-C-CCCAT,ENSG00000081014:AP4E1,not_lof,FALSE,FALSE,FALSE,FALSE,FALSE,FALSE,FALSE,FALSE,FALSE,FALSE,TRUE,FALSE,FALSE,FALSE,FALSE
15-51294697-A-T,ENSG00000081014:AP4E1,not_lof,FALSE,TRUE,FALSE,TRUE,FALSE,FALSE,FALSE,FALSE,FALSE,FALSE,TRUE,FALSE,FALSE,TRUE,FALSE
15-51293338-ACT-A,ENSG00000081014:AP4E1,not_lof,FALSE,FALSE,FALSE,FALSE,FALSE,FALSE,FALSE,FALSE,FALSE,FALSE,TRUE,FALSE,FALSE,FALSE,FALSE
15-51293308-TC-T,ENSG00000081014:AP4E1,not_lof,FALSE,FALSE,FALSE,FALSE,FALSE,FALSE,FALSE,FALSE,FALSE,FALSE,TRUE,FALSE,FALSE,FALSE,FALSE
15-51293303-C-G,ENSG00000081014:AP4E1,lof,FALSE,FALSE,FALSE,FALSE,FALSE,FALSE,FALSE,FALSE,FALSE,FALSE,FALSE,FALSE,FALSE,FALSE,FALSE
15-51291450-AT-A,ENSG00000081014:AP4E1,inufficient_evidence,FALSE,FALSE,FALSE,TRUE,FALSE,FALSE,FALSE,FALSE,FALSE,FALSE,FALSE,FALSE,FALSE,FALSE,FALSE
15-51291289-C-A,ENSG00000081014:AP4E1,lof,FALSE,FALSE,FALSE,FALSE,FALSE,FALSE,FALSE,FALSE,FALSE,FALSE,FALSE,FALSE,FALSE,FALSE,FALSE
15-51290020-T-TA,ENSG00000081014:AP4E1,inufficient_evidence,FALSE,FALSE,FALSE,TRUE,FALSE,FALSE,FALSE,FALSE,FALSE,TRUE,FALSE,FALSE,TRUE,FALSE,FALSE
15-51289952-AC-A,ENSG00000081014:AP4E1,likely_lof,FALSE,FALSE,FALSE,FALSE,FALSE,FALSE,FALSE,FALSE,FALSE,FALSE,FALSE,FALSE,TRUE,FALSE,FALSE
15-51289919-C-CTATGT,ENSG00000081014:AP4E1,likely_lof,FALSE,TRUE,FALSE,FALSE,FALSE,FALSE,FALSE,FALSE,FALSE,FALSE,FALSE,FALSE,TRUE,FALSE,FALSE
15-51289557-GA-G,ENSG00000081014:AP4E1,inufficient_evidence,FALSE,FALSE,FALSE,TRUE,FALSE,FALSE,FALSE,FALSE,FALSE,TRUE,FALSE,FALSE,TRUE,FALSE,FALSE
15-51285754-G-T,ENSG00000081014:AP4E1,lof,FALSE,FALSE,FALSE,TRUE,FALSE,FALSE,FALSE,FALSE,FALSE,FALSE,FALSE,FALSE,FALSE,FALSE,FALSE
15-51285689-TG-T,ENSG00000081014:AP4E1,likely_lof,FALSE,FALSE,FALSE,FALSE,FALSE,FALSE,FALSE,FALSE,FALSE,FALSE,FALSE,FALSE,TRUE,FALSE,FALSE
15-51285650-A-AT,ENSG00000081014:AP4E1,likely_lof,FALSE,FALSE,FALSE,FALSE,FALSE,FALSE,FALSE,FALSE,FALSE,FALSE,FALSE,FALSE,TRUE,FALSE,FALSE
15-51276272-C-T,ENSG00000081014:AP4E1,lof,FALSE,FALSE,FALSE,FALSE,FALSE,FALSE,FALSE,FALSE,FALSE,FALSE,FALSE,FALSE,FALSE,FALSE,FALSE
15-51260565-C-T,ENSG00000081014:AP4E1,lof,FALSE,FALSE,FALSE,FALSE,FALSE,FALSE,FALSE,FALSE,FALSE,FALSE,FALSE,FALSE,FALSE,FALSE,FALSE
15-51260505-CTCAG-C,ENSG00000081014:AP4E1,lof,FALSE,FALSE,FALSE,FALSE,FALSE,FALSE,FALSE,FALSE,FALSE,FALSE,FALSE,FALSE,FALSE,FALSE,FALSE
15-51260476-C-CT,ENSG00000081014:AP4E1,lof,FALSE,FALSE,FALSE,FALSE,FALSE,FALSE,FALSE,FALSE,FALSE,FALSE,FALSE,FALSE,FALSE,FALSE,FALSE
15-51250991-G-GGTAA,ENSG00000081014:AP4E1,not_lof,FALSE,FALSE,FALSE,FALSE,FALSE,FALSE,FALSE,TRUE,FALSE,FALSE,FALSE,FALSE,FALSE,FALSE,FALSE
15-51250696-GGGAA-G,ENSG00000081014:AP4E1,lof,FALSE,FALSE,FALSE,FALSE,FALSE,FALSE,FALSE,FALSE,FALSE,FALSE,FALSE,FALSE,FALSE,FALSE,FALSE
15-51250693-TA-T,ENSG00000081014:AP4E1,lof,FALSE,FALSE,FALSE,FALSE,FALSE,FALSE,FALSE,FALSE,FALSE,FALSE,FALSE,FALSE,FALSE,FALSE,FALSE
15-51242336-T-G,ENSG00000259378:DCAF13P3;ENSG00000081014:AP4E1,lof,FALSE,FALSE,FALSE,FALSE,FALSE,FALSE,FALSE,FALSE,FALSE,FALSE,FALSE,FALSE,FALSE,FALSE,FALSE
15-51242263-CAG-C,ENSG00000259378:DCAF13P3;ENSG00000081014:AP4E1,inufficient_evidence,FALSE,FALSE,FALSE,TRUE,FALSE,FALSE,FALSE,FALSE,FALSE,FALSE,FALSE,FALSE,FALSE,FALSE,FALSE
15-51240283-G-T,ENSG00000259378:DCAF13P3;ENSG00000081014:AP4E1,lof,FALSE,FALSE,FALSE,FALSE,FALSE,FALSE,FALSE,FALSE,FALSE,FALSE,FALSE,FALSE,FALSE,FALSE,FALSE
15-51233762-G-GT,ENSG00000259378:DCAF13P3;ENSG00000081014:AP4E1,not_lof,FALSE,FALSE,FALSE,TRUE,FALSE,FALSE,FALSE,TRUE,FALSE,FALSE,FALSE,FALSE,FALSE,FALSE,FALSE
15-51233710-A-T,ENSG00000259378:DCAF13P3;ENSG00000081014:AP4E1,lof,FALSE,FALSE,FALSE,FALSE,FALSE,FALSE,FALSE,FALSE,FALSE,FALSE,FALSE,FALSE,FALSE,FALSE,FALSE
15-51233687-C-A,ENSG00000259378:DCAF13P3;ENSG00000081014:AP4E1,lof,FALSE,FALSE,FALSE,FALSE,FALSE,FALSE,FALSE,FALSE,FALSE,FALSE,FALSE,FALSE,FALSE,FALSE,FALSE
15-51226861-C-T,ENSG00000081014:AP4E1,lof,FALSE,FALSE,FALSE,FALSE,FALSE,FALSE,FALSE,FALSE,FALSE,FALSE,FALSE,FALSE,FALSE,FALSE,FALSE
15-51223169-G-A,ENSG00000081014:AP4E1,likely_lof,FALSE,FALSE,FALSE,FALSE,FALSE,FALSE,FALSE,FALSE,FALSE,FALSE,FALSE,FALSE,FALSE,TRUE,FALSE
15-51221366-G-GT,ENSG00000081014:AP4E1,not_lof,FALSE,FALSE,FALSE,FALSE,FALSE,FALSE,FALSE,TRUE,FALSE,FALSE,FALSE,FALSE,FALSE,FALSE,FALSE
15-51221228-GT-G,ENSG00000081014:AP4E1,lof,FALSE,FALSE,FALSE,FALSE,FALSE,FALSE,FALSE,FALSE,FALSE,FALSE,FALSE,FALSE,FALSE,FALSE,FALSE
15-51221216-C-T,ENSG00000081014:AP4E1,lof,FALSE,FALSE,FALSE,FALSE,FALSE,FALSE,FALSE,FALSE,FALSE,FALSE,FALSE,FALSE,FALSE,FALSE,FALSE
15-51217363-C-A,ENSG00000081014:AP4E1,lof,FALSE,FALSE,FALSE,FALSE,FALSE,FALSE,FALSE,FALSE,FALSE,FALSE,FALSE,FALSE,FALSE,FALSE,FALSE
15-51216201-GGTATT-G,ENSG00000081014:AP4E1,not_lof,FALSE,FALSE,FALSE,FALSE,FALSE,FALSE,FALSE,TRUE,FALSE,FALSE,FALSE,FALSE,FALSE,FALSE,FALSE
15-51216127-G-T,ENSG00000081014:AP4E1,lof,FALSE,FALSE,FALSE,FALSE,FALSE,FALSE,FALSE,FALSE,FALSE,FALSE,FALSE,FALSE,FALSE,FALSE,FALSE
15-51207672-CTT-C,ENSG00000081014:AP4E1,lof,FALSE,FALSE,FALSE,FALSE,FALSE,FALSE,FALSE,FALSE,FALSE,FALSE,FALSE,FALSE,FALSE,FALSE,FALSE
15-51204281-GA-G,ENSG00000081014:AP4E1,likely_not_lof,FALSE,FALSE,TRUE,FALSE,FALSE,FALSE,FALSE,FALSE,TRUE,FALSE,FALSE,FALSE,FALSE,FALSE,FALSE
15-51201123-C-CA,ENSG00000081014:AP4E1,likely_lof,FALSE,FALSE,FALSE,FALSE,FALSE,FALSE,FALSE,FALSE,TRUE,FALSE,FALSE,FALSE,FALSE,FALSE,FALSE
15-51201110-CCT-C,ENSG00000081014:AP4E1,likely_lof,FALSE,FALSE,FALSE,FALSE,FALSE,FALSE,FALSE,FALSE,TRUE,FALSE,FALSE,FALSE,FALSE,FALSE,FALSE
15-51201017-ACT-A,ENSG00000081014:AP4E1,inufficient_evidence,FALSE,FALSE,FALSE,TRUE,FALSE,FALSE,FALSE,FALSE,TRUE,FALSE,FALSE,FALSE,FALSE,FALSE,FALSE
14-31562112-G-T,ENSG00000100478:AP4S1,not_lof,TRUE,FALSE,FALSE,FALSE,FALSE,FALSE,FALSE,FALSE,TRUE,FALSE,TRUE,TRUE,FALSE,FALSE,FALSE
14-31552794-TG-T,ENSG00000100478:AP4S1,not_lof,FALSE,TRUE,FALSE,FALSE,FALSE,FALSE,FALSE,FALSE,TRUE,TRUE,FALSE,FALSE,FALSE,FALSE,TRUE
14-31552762-GT-G,ENSG00000100478:AP4S1,not_lof,FALSE,FALSE,FALSE,FALSE,FALSE,FALSE,FALSE,FALSE,TRUE,TRUE,FALSE,FALSE,FALSE,FALSE,TRUE
14-31549825-G-A,ENSG00000100478:AP4S1,not_lof,FALSE,FALSE,FALSE,FALSE,FALSE,FALSE,FALSE,FALSE,TRUE,FALSE,FALSE,TRUE,FALSE,FALSE,TRUE
14-31549791-G-T,ENSG00000100478:AP4S1,likely_lof,FALSE,FALSE,FALSE,FALSE,FALSE,FALSE,FALSE,FALSE,TRUE,FALSE,FALSE,FALSE,FALSE,FALSE,FALSE
14-31542180-G-T,ENSG00000100478:AP4S1,not_lof,FALSE,FALSE,FALSE,FALSE,FALSE,FALSE,FALSE,TRUE,FALSE,FALSE,FALSE,FALSE,FALSE,FALSE,FALSE
14-31542175-GA-G,ENSG00000100478:AP4S1,likely_lof,TRUE,FALSE,FALSE,FALSE,FALSE,FALSE,FALSE,FALSE,FALSE,FALSE,FALSE,FALSE,FALSE,FALSE,FALSE
14-31542174-C-T,ENSG00000100478:AP4S1,likely_lof,TRUE,FALSE,FALSE,FALSE,FALSE,FALSE,FALSE,FALSE,FALSE,FALSE,FALSE,FALSE,FALSE,FALSE,FALSE
14-31542129-G-T,ENSG00000100478:AP4S1,likely_lof,TRUE,FALSE,FALSE,FALSE,FALSE,FALSE,FALSE,FALSE,FALSE,FALSE,FALSE,FALSE,FALSE,FALSE,FALSE
14-31539136-G-A,ENSG00000100478:AP4S1,likely_lof,FALSE,FALSE,FALSE,FALSE,FALSE,FALSE,FALSE,FALSE,FALSE,FALSE,FALSE,FALSE,FALSE,TRUE,FALSE
14-31539050-GCT-G,ENSG00000100478:AP4S1,likely_lof,TRUE,FALSE,FALSE,FALSE,FALSE,FALSE,FALSE,FALSE,FALSE,FALSE,FALSE,FALSE,FALSE,FALSE,FALSE
14-31539047-A-G,ENSG00000100478:AP4S1,likely_lof,FALSE,FALSE,FALSE,FALSE,FALSE,FALSE,FALSE,FALSE,FALSE,FALSE,FALSE,FALSE,FALSE,TRUE,FALSE
14-31535542-T-G,ENSG00000100478:AP4S1,lof,FALSE,FALSE,FALSE,FALSE,FALSE,FALSE,FALSE,FALSE,FALSE,FALSE,FALSE,FALSE,FALSE,FALSE,FALSE
14-31535541-G-A,ENSG00000100478:AP4S1,lof,FALSE,FALSE,FALSE,FALSE,FALSE,FALSE,FALSE,FALSE,FALSE,FALSE,FALSE,FALSE,FALSE,FALSE,FALSE
14-31535538-CAAGT-C,ENSG00000100478:AP4S1,not_lof,TRUE,FALSE,FALSE,FALSE,FALSE,FALSE,FALSE,TRUE,FALSE,FALSE,FALSE,FALSE,FALSE,FALSE,FALSE
14-31535526-C-T,ENSG00000100478:AP4S1,likely_lof,TRUE,FALSE,FALSE,FALSE,FALSE,FALSE,FALSE,FALSE,FALSE,FALSE,FALSE,FALSE,FALSE,FALSE,FALSE
14-31535500-CAG-C,ENSG00000100478:AP4S1,likely_lof,TRUE,FALSE,FALSE,FALSE,FALSE,FALSE,FALSE,FALSE,FALSE,FALSE,FALSE,FALSE,FALSE,FALSE,FALSE
14-31535466-CAT-C,ENSG00000100478:AP4S1,likely_lof,TRUE,FALSE,FALSE,FALSE,FALSE,FALSE,FALSE,FALSE,FALSE,FALSE,FALSE,FALSE,FALSE,FALSE,FALSE
14-31535446-GA-G,ENSG00000100478:AP4S1,likely_lof,TRUE,FALSE,FALSE,FALSE,FALSE,FALSE,FALSE,FALSE,FALSE,FALSE,FALSE,FALSE,FALSE,FALSE,FALSE
14-31535445-C-T,ENSG00000100478:AP4S1,likely_lof,TRUE,FALSE,FALSE,FALSE,FALSE,FALSE,FALSE,FALSE,FALSE,FALSE,FALSE,FALSE,FALSE,FALSE,FALSE
14-31535405-GAT-G,ENSG00000100478:AP4S1,likely_lof,TRUE,FALSE,FALSE,FALSE,FALSE,FALSE,FALSE,FALSE,FALSE,FALSE,FALSE,FALSE,FALSE,FALSE,FALSE
7-99707813-G-A,ENSG00000106290:TAF6;ENSG00000221838:AP4M1,not_lof,FALSE,FALSE,FALSE,FALSE,FALSE,FALSE,FALSE,FALSE,TRUE,FALSE,FALSE,FALSE,FALSE,FALSE,TRUE
7-99707812-A-T,ENSG00000106290:TAF6;ENSG00000221838:AP4M1,not_lof,FALSE,FALSE,FALSE,FALSE,FALSE,FALSE,FALSE,FALSE,TRUE,FALSE,FALSE,FALSE,FALSE,FALSE,TRUE
7-99704464-C-T,ENSG00000106290:TAF6;ENSG00000221838:AP4M1;ENSG00000166508:MCM7,not_lof,FALSE,FALSE,FALSE,FALSE,FALSE,FALSE,FALSE,FALSE,FALSE,FALSE,TRUE,FALSE,FALSE,FALSE,FALSE
7-99704462-T-TG,ENSG00000106290:TAF6;ENSG00000221838:AP4M1;ENSG00000166508:MCM7,not_lof,FALSE,FALSE,FALSE,FALSE,FALSE,FALSE,FALSE,FALSE,FALSE,FALSE,TRUE,FALSE,FALSE,FALSE,FALSE
7-99704460-G-A,ENSG00000106290:TAF6;ENSG00000221838:AP4M1;ENSG00000166508:MCM7,not_lof,FALSE,FALSE,FALSE,TRUE,FALSE,FALSE,FALSE,FALSE,FALSE,FALSE,TRUE,FALSE,FALSE,FALSE,FALSE
7-99704407-C-T,ENSG00000106290:TAF6;ENSG00000221838:AP4M1;ENSG00000166508:MCM7,not_lof,FALSE,FALSE,FALSE,FALSE,FALSE,FALSE,FALSE,FALSE,FALSE,FALSE,TRUE,FALSE,FALSE,FALSE,FALSE
7-99704305-CCT-C,ENSG00000106290:TAF6;ENSG00000221838:AP4M1;ENSG00000166508:MCM7,not_lof,FALSE,FALSE,FALSE,FALSE,FALSE,FALSE,FALSE,FALSE,FALSE,FALSE,TRUE,FALSE,FALSE,FALSE,FALSE
7-99704282-T-TG,ENSG00000106290:TAF6;ENSG00000221838:AP4M1;ENSG00000166508:MCM7,not_lof,FALSE,FALSE,FALSE,FALSE,FALSE,FALSE,FALSE,FALSE,FALSE,FALSE,TRUE,FALSE,FALSE,FALSE,FALSE
7-99704138-G-T,ENSG00000106290:TAF6;ENSG00000221838:AP4M1;ENSG00000166508:MCM7,not_lof,FALSE,FALSE,FALSE,FALSE,FALSE,FALSE,FALSE,FALSE,FALSE,FALSE,TRUE,FALSE,FALSE,TRUE,FALSE
7-99704122-C-CT,ENSG00000106290:TAF6;ENSG00000221838:AP4M1;ENSG00000166508:MCM7,not_lof,FALSE,FALSE,FALSE,FALSE,FALSE,FALSE,FALSE,FALSE,FALSE,FALSE,TRUE,FALSE,FALSE,FALSE,FALSE
7-99704117-C-T,ENSG00000106290:TAF6;ENSG00000221838:AP4M1;ENSG00000166508:MCM7,not_lof,FALSE,FALSE,FALSE,TRUE,FALSE,FALSE,FALSE,FALSE,FALSE,FALSE,TRUE,FALSE,FALSE,FALSE,FALSE
7-99704105-C-T,ENSG00000106290:TAF6;ENSG00000221838:AP4M1;ENSG00000166508:MCM7,not_lof,FALSE,FALSE,FALSE,FALSE,FALSE,FALSE,FALSE,FALSE,FALSE,FALSE,TRUE,FALSE,FALSE,FALSE,FALSE
7-99704088-G-A,ENSG00000106290:TAF6;ENSG00000221838:AP4M1;ENSG00000166508:MCM7,not_lof,FALSE,FALSE,FALSE,FALSE,FALSE,FALSE,FALSE,FALSE,FALSE,FALSE,TRUE,FALSE,FALSE,FALSE,FALSE
7-99703915-G-GT,ENSG00000106290:TAF6;ENSG00000221838:AP4M1;ENSG00000166508:MCM7,not_lof,FALSE,FALSE,FALSE,FALSE,FALSE,FALSE,FALSE,TRUE,FALSE,FALSE,FALSE,FALSE,FALSE,FALSE,FALSE
7-99703901-C-T,ENSG00000106290:TAF6;ENSG00000221838:AP4M1;ENSG00000166508:MCM7,lof,FALSE,FALSE,FALSE,FALSE,FALSE,FALSE,FALSE,FALSE,FALSE,FALSE,FALSE,FALSE,FALSE,FALSE,FALSE
7-99703895-CT-C,ENSG00000106290:TAF6;ENSG00000221838:AP4M1;ENSG00000166508:MCM7,lof,FALSE,FALSE,FALSE,FALSE,FALSE,FALSE,FALSE,FALSE,FALSE,FALSE,FALSE,FALSE,FALSE,FALSE,FALSE
7-99703627-G-A,ENSG00000106290:TAF6;ENSG00000221838:AP4M1;ENSG00000166508:MCM7,not_lof,FALSE,FALSE,FALSE,FALSE,FALSE,FALSE,FALSE,TRUE,FALSE,FALSE,FALSE,FALSE,FALSE,FALSE,FALSE
7-99703625-AG-A,ENSG00000106290:TAF6;ENSG00000221838:AP4M1;ENSG00000166508:MCM7,lof,FALSE,FALSE,FALSE,FALSE,FALSE,FALSE,FALSE,FALSE,FALSE,FALSE,FALSE,FALSE,FALSE,FALSE,FALSE
7-99703620-CAA-C,ENSG00000106290:TAF6;ENSG00000221838:AP4M1;ENSG00000166508:MCM7,inufficient_evidence,FALSE,FALSE,FALSE,TRUE,FALSE,FALSE,FALSE,FALSE,FALSE,FALSE,FALSE,FALSE,FALSE,FALSE,FALSE
7-99703617-TC-T,ENSG00000106290:TAF6;ENSG00000221838:AP4M1;ENSG00000166508:MCM7,inufficient_evidence,FALSE,FALSE,FALSE,TRUE,FALSE,FALSE,FALSE,FALSE,FALSE,FALSE,FALSE,FALSE,FALSE,FALSE,FALSE
7-99703604-C-T,ENSG00000106290:TAF6;ENSG00000221838:AP4M1;ENSG00000166508:MCM7,lof,FALSE,FALSE,FALSE,FALSE,FALSE,FALSE,FALSE,FALSE,FALSE,FALSE,FALSE,FALSE,FALSE,FALSE,FALSE
7-99703156-C-G,ENSG00000106290:TAF6;ENSG00000221838:AP4M1;ENSG00000166508:MCM7,lof,FALSE,FALSE,FALSE,FALSE,FALSE,FALSE,FALSE,FALSE,FALSE,FALSE,FALSE,FALSE,FALSE,FALSE,FALSE
7-99703149-C-T,ENSG00000106290:TAF6;ENSG00000221838:AP4M1;ENSG00000166508:MCM7,lof,FALSE,FALSE,FALSE,FALSE,FALSE,FALSE,FALSE,FALSE,FALSE,FALSE,FALSE,FALSE,FALSE,FALSE,FALSE
7-99703140-C-T,ENSG00000106290:TAF6;ENSG00000221838:AP4M1;ENSG00000166508:MCM7,lof,FALSE,FALSE,FALSE,FALSE,FALSE,FALSE,FALSE,FALSE,FALSE,FALSE,FALSE,FALSE,FALSE,FALSE,FALSE
7-99703120-TC-T,ENSG00000106290:TAF6;ENSG00000221838:AP4M1;ENSG00000166508:MCM7,lof,FALSE,FALSE,FALSE,FALSE,FALSE,FALSE,FALSE,FALSE,FALSE,FALSE,FALSE,FALSE,FALSE,FALSE,FALSE
7-99703099-ACCTCCCCTCACCGCTCC-A,ENSG00000106290:TAF6;ENSG00000221838:AP4M1;ENSG00000166508:MCM7,lof,FALSE,FALSE,FALSE,FALSE,FALSE,FALSE,FALSE,FALSE,FALSE,FALSE,FALSE,FALSE,FALSE,FALSE,FALSE
7-99703072-CTG-C,ENSG00000106290:TAF6;ENSG00000221838:AP4M1;ENSG00000166508:MCM7,lof,FALSE,FALSE,FALSE,FALSE,FALSE,FALSE,FALSE,FALSE,FALSE,FALSE,FALSE,FALSE,FALSE,FALSE,FALSE
7-99702937-C-T,ENSG00000106290:TAF6;ENSG00000221838:AP4M1;ENSG00000166508:MCM7,lof,FALSE,FALSE,FALSE,FALSE,FALSE,FALSE,FALSE,FALSE,FALSE,FALSE,FALSE,FALSE,FALSE,FALSE,FALSE
7-99702928-G-T,ENSG00000106290:TAF6;ENSG00000221838:AP4M1;ENSG00000166508:MCM7,lof,FALSE,FALSE,FALSE,TRUE,FALSE,FALSE,FALSE,FALSE,FALSE,FALSE,FALSE,FALSE,FALSE,FALSE,FALSE
7-99702908-CTG-C,ENSG00000106290:TAF6;ENSG00000221838:AP4M1;ENSG00000166508:MCM7,lof,FALSE,FALSE,FALSE,FALSE,FALSE,FALSE,FALSE,FALSE,FALSE,FALSE,FALSE,FALSE,FALSE,FALSE,FALSE
7-99702722-G-A,ENSG00000106290:TAF6;ENSG00000221838:AP4M1;ENSG00000166508:MCM7,likely_lof,FALSE,FALSE,FALSE,FALSE,FALSE,FALSE,FALSE,FALSE,FALSE,FALSE,FALSE,FALSE,FALSE,TRUE,FALSE
7-99702710-CAGAGCTG-C,ENSG00000106290:TAF6;ENSG00000221838:AP4M1;ENSG00000166508:MCM7,inufficient_evidence,FALSE,FALSE,FALSE,TRUE,FALSE,FALSE,FALSE,FALSE,FALSE,FALSE,FALSE,FALSE,FALSE,FALSE,FALSE
7-99702667-G-C,ENSG00000106290:TAF6;ENSG00000221838:AP4M1;ENSG00000166508:MCM7,lof,FALSE,FALSE,FALSE,FALSE,FALSE,FALSE,FALSE,FALSE,FALSE,FALSE,FALSE,FALSE,FALSE,FALSE,FALSE
7-99702495-A-G,ENSG00000106290:TAF6;ENSG00000221838:AP4M1;ENSG00000166508:MCM7,likely_lof,FALSE,FALSE,FALSE,FALSE,FALSE,FALSE,FALSE,FALSE,FALSE,FALSE,FALSE,FALSE,FALSE,TRUE,FALSE
7-99701778-G-A,ENSG00000106290:TAF6;ENSG00000221838:AP4M1;ENSG00000166508:MCM7,likely_lof,FALSE,FALSE,FALSE,FALSE,FALSE,FALSE,FALSE,FALSE,FALSE,FALSE,FALSE,FALSE,FALSE,TRUE,FALSE
7-99701737-TG-T,ENSG00000106290:TAF6;ENSG00000221838:AP4M1;ENSG00000166508:MCM7,lof,FALSE,FALSE,FALSE,FALSE,FALSE,FALSE,FALSE,FALSE,FALSE,FALSE,FALSE,FALSE,FALSE,FALSE,FALSE
7-99701730-G-GT,ENSG00000106290:TAF6;ENSG00000221838:AP4M1;ENSG00000166508:MCM7,likely_not_lof,FALSE,FALSE,TRUE,FALSE,FALSE,FALSE,FALSE,FALSE,FALSE,FALSE,FALSE,FALSE,FALSE,FALSE,FALSE
7-99701313-C-T,ENSG00000106290:TAF6;ENSG00000221838:AP4M1;ENSG00000166508:MCM7,lof,FALSE,FALSE,FALSE,FALSE,FALSE,FALSE,FALSE,FALSE,FALSE,FALSE,FALSE,FALSE,FALSE,FALSE,FALSE
7-99701284-G-GCCGCC,ENSG00000106290:TAF6;ENSG00000221838:AP4M1;ENSG00000166508:MCM7,inufficient_evidence,FALSE,FALSE,FALSE,TRUE,FALSE,FALSE,FALSE,FALSE,FALSE,FALSE,FALSE,FALSE,FALSE,FALSE,FALSE
7-99701265-GC-G,ENSG00000106290:TAF6;ENSG00000221838:AP4M1;ENSG00000166508:MCM7,likely_not_lof,FALSE,FALSE,TRUE,FALSE,FALSE,FALSE,FALSE,FALSE,FALSE,FALSE,FALSE,FALSE,FALSE,FALSE,FALSE
7-99701233-A-T,ENSG00000106290:TAF6;ENSG00000221838:AP4M1;ENSG00000166508:MCM7,likely_lof,FALSE,FALSE,FALSE,FALSE,FALSE,FALSE,FALSE,FALSE,FALSE,FALSE,FALSE,FALSE,FALSE,TRUE,FALSE
7-99701083-C-T,ENSG00000106290:TAF6;ENSG00000221838:AP4M1;ENSG00000166508:MCM7,lof,FALSE,FALSE,FALSE,FALSE,FALSE,FALSE,FALSE,FALSE,FALSE,FALSE,FALSE,FALSE,FALSE,FALSE,FALSE
7-99701030-A-G,ENSG00000106290:TAF6;ENSG00000221838:AP4M1;ENSG00000166508:MCM7,likely_lof,FALSE,FALSE,FALSE,FALSE,FALSE,FALSE,FALSE,FALSE,FALSE,FALSE,FALSE,FALSE,FALSE,TRUE,FALSE
7-99700584-G-C,ENSG00000106290:TAF6;ENSG00000221838:AP4M1;ENSG00000166508:MCM7,not_lof,FALSE,FALSE,FALSE,FALSE,FALSE,FALSE,FALSE,TRUE,FALSE,FALSE,FALSE,FALSE,FALSE,FALSE,FALSE
7-99700562-C-G,ENSG00000106290:TAF6;ENSG00000221838:AP4M1;ENSG00000166508:MCM7,lof,FALSE,FALSE,FALSE,FALSE,FALSE,FALSE,FALSE,FALSE,FALSE,FALSE,FALSE,FALSE,FALSE,FALSE,FALSE
7-99700528-AG-A,ENSG00000106290:TAF6;ENSG00000221838:AP4M1;ENSG00000166508:MCM7,lof,FALSE,FALSE,FALSE,FALSE,FALSE,FALSE,FALSE,FALSE,FALSE,FALSE,FALSE,FALSE,FALSE,FALSE,FALSE
7-99700528-A-AG,ENSG00000106290:TAF6;ENSG00000221838:AP4M1;ENSG00000166508:MCM7,lof,FALSE,FALSE,FALSE,FALSE,FALSE,FALSE,FALSE,FALSE,FALSE,FALSE,FALSE,FALSE,FALSE,FALSE,FALSE
7-99700486-G-T,ENSG00000106290:TAF6;ENSG00000221838:AP4M1;ENSG00000166508:MCM7,lof,FALSE,FALSE,FALSE,FALSE,FALSE,FALSE,FALSE,FALSE,FALSE,FALSE,FALSE,FALSE,FALSE,FALSE,FALSE
7-99700370-G-T,ENSG00000106290:TAF6;ENSG00000221838:AP4M1;ENSG00000166508:MCM7,likely_not_lof,FALSE,FALSE,FALSE,FALSE,FALSE,FALSE,FALSE,FALSE,TRUE,FALSE,FALSE,FALSE,FALSE,TRUE,TRUE
7-99700370-G-A,ENSG00000106290:TAF6;ENSG00000221838:AP4M1;ENSG00000166508:MCM7,likely_not_lof,FALSE,FALSE,FALSE,FALSE,FALSE,FALSE,FALSE,FALSE,TRUE,FALSE,FALSE,FALSE,FALSE,TRUE,TRUE
7-99700364-G-GA,ENSG00000106290:TAF6;ENSG00000221838:AP4M1;ENSG00000166508:MCM7,lof,FALSE,FALSE,FALSE,FALSE,FALSE,FALSE,FALSE,FALSE,FALSE,FALSE,FALSE,FALSE,FALSE,FALSE,FALSE
7-99700342-C-CTA,ENSG00000106290:TAF6;ENSG00000221838:AP4M1;ENSG00000166508:MCM7,lof,FALSE,FALSE,FALSE,FALSE,FALSE,FALSE,FALSE,FALSE,FALSE,FALSE,FALSE,FALSE,FALSE,FALSE,FALSE
7-99700338-GCC-G,ENSG00000106290:TAF6;ENSG00000221838:AP4M1;ENSG00000166508:MCM7,lof,FALSE,FALSE,FALSE,FALSE,FALSE,FALSE,FALSE,FALSE,FALSE,FALSE,FALSE,FALSE,FALSE,FALSE,FALSE
7-99699607-A-AG,ENSG00000221838:AP4M1;ENSG00000166508:MCM7,not_lof,FALSE,FALSE,FALSE,FALSE,FALSE,TRUE,FALSE,FALSE,TRUE,FALSE,FALSE,TRUE,FALSE,FALSE,TRUE
7-99699585-TG-T,ENSG00000221838:AP4M1;ENSG00000166508:MCM7,lof,FALSE,FALSE,FALSE,FALSE,FALSE,FALSE,FALSE,FALSE,FALSE,FALSE,FALSE,FALSE,FALSE,FALSE,FALSE
7-99699577-T-TC,ENSG00000221838:AP4M1;ENSG00000166508:MCM7,lof,FALSE,FALSE,FALSE,FALSE,FALSE,FALSE,FALSE,FALSE,FALSE,FALSE,FALSE,FALSE,FALSE,FALSE,FALSE
7-99699574-G-T,ENSG00000221838:AP4M1;ENSG00000166508:MCM7,lof,FALSE,FALSE,FALSE,FALSE,FALSE,FALSE,FALSE,FALSE,FALSE,FALSE,FALSE,FALSE,FALSE,FALSE,FALSE
7-99699546-C-G,ENSG00000221838:AP4M1;ENSG00000166508:MCM7,lof,FALSE,FALSE,FALSE,FALSE,FALSE,FALSE,FALSE,FALSE,FALSE,FALSE,FALSE,FALSE,FALSE,FALSE,FALSE
7-99699502-G-C,ENSG00000221838:AP4M1;ENSG00000166508:MCM7,lof,FALSE,FALSE,FALSE,FALSE,FALSE,FALSE,FALSE,FALSE,FALSE,FALSE,FALSE,FALSE,FALSE,FALSE,FALSE
7-99699367-CA-C,ENSG00000221838:AP4M1;ENSG00000166508:MCM7,lof,FALSE,FALSE,FALSE,FALSE,FALSE,FALSE,FALSE,FALSE,FALSE,FALSE,FALSE,FALSE,FALSE,FALSE,FALSE
7-99699347-C-T,ENSG00000221838:AP4M1;ENSG00000166508:MCM7,lof,FALSE,FALSE,FALSE,FALSE,FALSE,FALSE,FALSE,FALSE,FALSE,FALSE,FALSE,FALSE,FALSE,FALSE,FALSE
1-114447334-C-CGT,ENSG00000134262:AP4B1;ENSG00000226167:AP4B1-AS1;ENSG00000118655:DCLRE1B,inufficient_evidence,FALSE,FALSE,FALSE,FALSE,FALSE,FALSE,FALSE,FALSE,FALSE,FALSE,FALSE,FALSE,FALSE,FALSE,FALSE
1-114447282-G-GA,ENSG00000134262:AP4B1;ENSG00000226167:AP4B1-AS1;ENSG00000118655:DCLRE1B,lof,FALSE,FALSE,FALSE,FALSE,FALSE,FALSE,FALSE,FALSE,FALSE,FALSE,FALSE,FALSE,FALSE,FALSE,FALSE
1-114445294-G-A,ENSG00000134262:AP4B1;ENSG00000226167:AP4B1-AS1;ENSG00000118655:DCLRE1B,lof,FALSE,FALSE,FALSE,FALSE,FALSE,FALSE,FALSE,FALSE,FALSE,FALSE,FALSE,FALSE,FALSE,FALSE,FALSE
1-114444464-CA-C,ENSG00000134262:AP4B1;ENSG00000226167:AP4B1-AS1;ENSG00000118655:DCLRE1B,likely_lof,FALSE,FALSE,FALSE,FALSE,FALSE,FALSE,FALSE,FALSE,TRUE,FALSE,FALSE,FALSE,FALSE,FALSE,FALSE
1-114444440-C-CA,ENSG00000134262:AP4B1;ENSG00000226167:AP4B1-AS1;ENSG00000118655:DCLRE1B,inufficient_evidence,FALSE,FALSE,FALSE,TRUE,FALSE,FALSE,FALSE,FALSE,TRUE,FALSE,FALSE,FALSE,FALSE,FALSE,FALSE
1-114444401-TA-T,ENSG00000134262:AP4B1;ENSG00000226167:AP4B1-AS1;ENSG00000118655:DCLRE1B,likely_lof,FALSE,FALSE,FALSE,FALSE,FALSE,FALSE,FALSE,FALSE,TRUE,FALSE,FALSE,FALSE,FALSE,FALSE,FALSE
1-114444383-CA-C,ENSG00000134262:AP4B1;ENSG00000226167:AP4B1-AS1;ENSG00000118655:DCLRE1B,likely_lof,FALSE,FALSE,FALSE,FALSE,FALSE,FALSE,FALSE,FALSE,TRUE,FALSE,FALSE,FALSE,FALSE,FALSE,FALSE
1-114444007-T-G,ENSG00000134262:AP4B1;ENSG00000226167:AP4B1-AS1;ENSG00000118655:DCLRE1B,likely_lof,FALSE,FALSE,FALSE,FALSE,FALSE,FALSE,FALSE,FALSE,TRUE,FALSE,FALSE,FALSE,FALSE,TRUE,FALSE
1-114443925-CTA-C,ENSG00000134262:AP4B1;ENSG00000226167:AP4B1-AS1;ENSG00000118655:DCLRE1B,inufficient_evidence,FALSE,FALSE,FALSE,TRUE,FALSE,FALSE,FALSE,FALSE,TRUE,FALSE,FALSE,FALSE,FALSE,FALSE,FALSE
1-114443886-T-A,ENSG00000134262:AP4B1;ENSG00000226167:AP4B1-AS1;ENSG00000118655:DCLRE1B,likely_lof,FALSE,FALSE,FALSE,FALSE,FALSE,FALSE,FALSE,FALSE,TRUE,FALSE,FALSE,FALSE,FALSE,FALSE,FALSE
1-114443859-G-A,ENSG00000134262:AP4B1;ENSG00000226167:AP4B1-AS1;ENSG00000118655:DCLRE1B,likely_lof,FALSE,FALSE,FALSE,FALSE,FALSE,FALSE,FALSE,FALSE,TRUE,FALSE,FALSE,FALSE,FALSE,FALSE,FALSE
1-114442976-GA-G,ENSG00000134262:AP4B1;ENSG00000226167:AP4B1-AS1;ENSG00000118655:DCLRE1B,lof,FALSE,FALSE,FALSE,FALSE,FALSE,FALSE,FALSE,FALSE,FALSE,FALSE,FALSE,FALSE,FALSE,FALSE,FALSE
1-114442916-TA-T,ENSG00000134262:AP4B1;ENSG00000226167:AP4B1-AS1;ENSG00000118655:DCLRE1B,lof,FALSE,FALSE,FALSE,FALSE,FALSE,FALSE,FALSE,FALSE,FALSE,FALSE,FALSE,FALSE,FALSE,FALSE,FALSE
1-114442794-T-TA,ENSG00000134262:AP4B1;ENSG00000226167:AP4B1-AS1;ENSG00000118655:DCLRE1B,lof,FALSE,FALSE,FALSE,FALSE,FALSE,FALSE,FALSE,FALSE,FALSE,FALSE,FALSE,FALSE,FALSE,FALSE,FALSE
1-114442788-GGC-G,ENSG00000134262:AP4B1;ENSG00000226167:AP4B1-AS1;ENSG00000118655:DCLRE1B,inufficient_evidence,FALSE,FALSE,FALSE,TRUE,FALSE,FALSE,FALSE,FALSE,FALSE,FALSE,FALSE,FALSE,FALSE,FALSE,FALSE
1-114442783-GA-G,ENSG00000134262:AP4B1;ENSG00000226167:AP4B1-AS1;ENSG00000118655:DCLRE1B,lof,FALSE,FALSE,FALSE,FALSE,FALSE,FALSE,FALSE,FALSE,FALSE,FALSE,FALSE,FALSE,FALSE,FALSE,FALSE
1-114442770-AC-A,ENSG00000134262:AP4B1;ENSG00000226167:AP4B1-AS1;ENSG00000118655:DCLRE1B,lof,FALSE,FALSE,FALSE,FALSE,FALSE,FALSE,FALSE,FALSE,FALSE,FALSE,FALSE,FALSE,FALSE,FALSE,FALSE
1-114442746-A-T,ENSG00000134262:AP4B1;ENSG00000226167:AP4B1-AS1,lof,FALSE,FALSE,FALSE,FALSE,FALSE,FALSE,FALSE,FALSE,FALSE,FALSE,FALSE,FALSE,FALSE,FALSE,FALSE
1-114442681-CA-C,ENSG00000134262:AP4B1;ENSG00000226167:AP4B1-AS1,likely_not_lof,FALSE,FALSE,TRUE,FALSE,FALSE,FALSE,FALSE,FALSE,FALSE,FALSE,FALSE,FALSE,FALSE,FALSE,FALSE
1-114442640-CCACTTTCT-C,ENSG00000134262:AP4B1;ENSG00000226167:AP4B1-AS1,lof,FALSE,FALSE,FALSE,FALSE,FALSE,FALSE,FALSE,FALSE,FALSE,FALSE,FALSE,FALSE,FALSE,FALSE,FALSE
1-114442604-G-A,ENSG00000134262:AP4B1;ENSG00000226167:AP4B1-AS1,lof,FALSE,FALSE,FALSE,FALSE,FALSE,FALSE,FALSE,FALSE,FALSE,FALSE,FALSE,FALSE,FALSE,FALSE,FALSE
1-114442583-G-A,ENSG00000134262:AP4B1;ENSG00000226167:AP4B1-AS1,lof,FALSE,FALSE,FALSE,FALSE,FALSE,FALSE,FALSE,FALSE,FALSE,FALSE,FALSE,FALSE,FALSE,FALSE,FALSE
1-114441425-T-C,ENSG00000134262:AP4B1;ENSG00000226167:AP4B1-AS1,lof,FALSE,FALSE,FALSE,TRUE,FALSE,FALSE,FALSE,FALSE,FALSE,FALSE,FALSE,FALSE,FALSE,FALSE,FALSE
1-114441386-CT-C,ENSG00000134262:AP4B1;ENSG00000226167:AP4B1-AS1,lof,FALSE,FALSE,FALSE,FALSE,FALSE,FALSE,FALSE,FALSE,FALSE,FALSE,FALSE,FALSE,FALSE,FALSE,FALSE
1-114441376-CTG-C,ENSG00000134262:AP4B1;ENSG00000226167:AP4B1-AS1,lof,FALSE,FALSE,FALSE,FALSE,FALSE,FALSE,FALSE,FALSE,FALSE,FALSE,FALSE,FALSE,FALSE,FALSE,FALSE
1-114441361-G-A,ENSG00000134262:AP4B1;ENSG00000226167:AP4B1-AS1,lof,FALSE,FALSE,FALSE,FALSE,FALSE,FALSE,FALSE,FALSE,FALSE,FALSE,FALSE,FALSE,FALSE,FALSE,FALSE
1-114440564-CACT-C,ENSG00000134262:AP4B1;ENSG00000226167:AP4B1-AS1,likely_lof,FALSE,FALSE,FALSE,FALSE,FALSE,FALSE,FALSE,FALSE,FALSE,FALSE,FALSE,FALSE,FALSE,TRUE,FALSE
1-114440548-G-A,ENSG00000134262:AP4B1;ENSG00000226167:AP4B1-AS1,lof,FALSE,FALSE,FALSE,FALSE,FALSE,FALSE,FALSE,FALSE,FALSE,FALSE,FALSE,FALSE,FALSE,FALSE,FALSE
1-114440534-C-T,ENSG00000134262:AP4B1;ENSG00000226167:AP4B1-AS1,lof,FALSE,FALSE,FALSE,FALSE,FALSE,FALSE,FALSE,FALSE,FALSE,FALSE,FALSE,FALSE,FALSE,FALSE,FALSE
1-114440524-G-A,ENSG00000134262:AP4B1;ENSG00000226167:AP4B1-AS1,lof,FALSE,FALSE,FALSE,FALSE,FALSE,FALSE,FALSE,FALSE,FALSE,FALSE,FALSE,FALSE,FALSE,FALSE,FALSE
1-114440460-A-G,ENSG00000134262:AP4B1;ENSG00000226167:AP4B1-AS1,lof,FALSE,FALSE,FALSE,FALSE,FALSE,FALSE,FALSE,FALSE,FALSE,FALSE,FALSE,FALSE,FALSE,FALSE,FALSE
1-114439058-ACCAAGTAG-A,ENSG00000134262:AP4B1;ENSG00000226167:AP4B1-AS1,lof,FALSE,FALSE,FALSE,FALSE,FALSE,FALSE,FALSE,FALSE,FALSE,FALSE,FALSE,FALSE,FALSE,FALSE,FALSE
1-114439045-T-A,ENSG00000134262:AP4B1;ENSG00000226167:AP4B1-AS1,lof,FALSE,FALSE,FALSE,TRUE,FALSE,FALSE,FALSE,FALSE,FALSE,FALSE,FALSE,FALSE,FALSE,FALSE,FALSE
1-114439009-CAA-C,ENSG00000134262:AP4B1;ENSG00000226167:AP4B1-AS1,inufficient_evidence,FALSE,FALSE,FALSE,TRUE,FALSE,FALSE,FALSE,FALSE,FALSE,FALSE,FALSE,FALSE,FALSE,FALSE,FALSE
1-114438993-G-T,ENSG00000134262:AP4B1;ENSG00000226167:AP4B1-AS1,lof,FALSE,FALSE,FALSE,FALSE,FALSE,FALSE,FALSE,FALSE,FALSE,FALSE,FALSE,FALSE,FALSE,FALSE,FALSE
1-114438890-A-C,ENSG00000134262:AP4B1;ENSG00000226167:AP4B1-AS1,lof,FALSE,FALSE,FALSE,FALSE,FALSE,FALSE,FALSE,FALSE,FALSE,FALSE,FALSE,FALSE,FALSE,FALSE,FALSE
1-114438631-G-A,ENSG00000134262:AP4B1;ENSG00000226167:AP4B1-AS1,lof,FALSE,FALSE,FALSE,FALSE,FALSE,FALSE,FALSE,FALSE,FALSE,FALSE,FALSE,FALSE,FALSE,FALSE,FALSE
1-114438614-A-T,ENSG00000134262:AP4B1;ENSG00000226167:AP4B1-AS1,lof,FALSE,FALSE,FALSE,FALSE,FALSE,FALSE,FALSE,FALSE,FALSE,FALSE,FALSE,FALSE,FALSE,FALSE,FALSE
1-114438472-ACACTGGCACC-A,ENSG00000134262:AP4B1;ENSG00000226167:AP4B1-AS1,not_lof,FALSE,FALSE,FALSE,FALSE,FALSE,FALSE,FALSE,FALSE,FALSE,FALSE,TRUE,FALSE,FALSE,FALSE,FALSE
1-114438378-C-T,ENSG00000134262:AP4B1;ENSG00000226167:AP4B1-AS1,not_lof,FALSE,FALSE,FALSE,FALSE,FALSE,FALSE,FALSE,FALSE,FALSE,FALSE,TRUE,FALSE,FALSE,TRUE,FALSE
1-114438013-CA-C,ENSG00000134262:AP4B1;ENSG00000226167:AP4B1-AS1,not_lof,FALSE,FALSE,FALSE,TRUE,FALSE,FALSE,FALSE,FALSE,FALSE,FALSE,TRUE,FALSE,FALSE,FALSE,FALSE
1-114437980-G-A,ENSG00000134262:AP4B1;ENSG00000226167:AP4B1-AS1,not_lof,FALSE,FALSE,FALSE,TRUE,FALSE,FALSE,FALSE,FALSE,FALSE,FALSE,TRUE,FALSE,FALSE,FALSE,FALSE
1-114437908-G-A,ENSG00000134262:AP4B1;ENSG00000226167:AP4B1-AS1,not_lof,FALSE,FALSE,FALSE,FALSE,FALSE,FALSE,FALSE,FALSE,FALSE,FALSE,TRUE,FALSE,FALSE,FALSE,FALSE
1-114437881-AC-A,ENSG00000134262:AP4B1;ENSG00000226167:AP4B1-AS1,not_lof,FALSE,FALSE,FALSE,FALSE,FALSE,FALSE,FALSE,FALSE,FALSE,FALSE,TRUE,FALSE,FALSE,FALSE,FALSE
1-114437828-GAACA-G,ENSG00000134262:AP4B1;ENSG00000226167:AP4B1-AS1,not_lof,FALSE,FALSE,FALSE,FALSE,FALSE,FALSE,FALSE,FALSE,FALSE,FALSE,TRUE,FALSE,FALSE,FALSE,FALSE
1-114437796-G-C,ENSG00000134262:AP4B1;ENSG00000226167:AP4B1-AS1,not_lof,FALSE,FALSE,FALSE,FALSE,FALSE,FALSE,FALSE,FALSE,FALSE,FALSE,TRUE,FALSE,FALSE,FALSE,FALSE
