Variant ID,Gene,Should Revisit,Verdict,Flag Mapping Error,Flag Genotyping Error,Flag Homopolymer,Flag No Read Data,Flag Reference Error,Flag Strand Bias,Flag Mnp,Flag Essential Splice Rescue,Flag Minority Of Transcripts,Flag Weak Exon Conservation,Flag Last Exon,Flag Other Transcript Error,Flag Partial Exon Conservation,Flag Weak Essential Splice Rescue,Flag Low Relative Mean Pext
6-110036280-G-A,ENSG00000112367:FIG4,FALSE,likely_lof,FALSE,FALSE,FALSE,FALSE,FALSE,FALSE,FALSE,FALSE,TRUE,FALSE,FALSE,FALSE,FALSE,FALSE,FALSE
6-110036286-C-A,ENSG00000112367:FIG4,FALSE,likely_lof,FALSE,FALSE,FALSE,FALSE,FALSE,FALSE,FALSE,FALSE,TRUE,FALSE,FALSE,FALSE,FALSE,FALSE,FALSE
6-110036368-AT-A,ENSG00000112367:FIG4,FALSE,insufficient_evidence,FALSE,FALSE,FALSE,TRUE,FALSE,FALSE,FALSE,FALSE,TRUE,FALSE,FALSE,FALSE,FALSE,FALSE,FALSE
6-110036376-CAGGGTAAGTAT-C,ENSG00000112367:FIG4,FALSE,likely_lof,FALSE,FALSE,FALSE,FALSE,FALSE,FALSE,FALSE,FALSE,FALSE,FALSE,FALSE,TRUE,FALSE,TRUE,FALSE
6-110036379-G-GGT,ENSG00000112367:FIG4,FALSE,not_lof,FALSE,FALSE,FALSE,TRUE,FALSE,FALSE,FALSE,TRUE,FALSE,FALSE,FALSE,FALSE,FALSE,FALSE,FALSE
6-110036381-T-C,ENSG00000112367:FIG4,FALSE,likely_lof,FALSE,FALSE,FALSE,FALSE,FALSE,FALSE,FALSE,FALSE,FALSE,FALSE,FALSE,FALSE,FALSE,TRUE,FALSE
6-110037744-C-T,ENSG00000112367:FIG4,FALSE,lof,FALSE,FALSE,FALSE,FALSE,FALSE,FALSE,FALSE,FALSE,FALSE,FALSE,FALSE,FALSE,FALSE,FALSE,FALSE
6-110048310-A-T,ENSG00000112367:FIG4,FALSE,likely_lof,FALSE,FALSE,FALSE,FALSE,FALSE,FALSE,FALSE,FALSE,FALSE,FALSE,FALSE,FALSE,FALSE,TRUE,FALSE
6-110048334-CTATTA-C,ENSG00000112367:FIG4,FALSE,insufficient_evidence,FALSE,FALSE,FALSE,TRUE,FALSE,FALSE,FALSE,FALSE,FALSE,FALSE,FALSE,FALSE,FALSE,FALSE,FALSE
6-110048469-G-A,ENSG00000112367:FIG4,FALSE,likely_not_lof,FALSE,FALSE,FALSE,FALSE,FALSE,FALSE,FALSE,TRUE,FALSE,FALSE,FALSE,FALSE,FALSE,FALSE,FALSE
6-110048469-G-T,ENSG00000112367:FIG4,FALSE,likely_not_lof,FALSE,FALSE,FALSE,FALSE,FALSE,FALSE,FALSE,TRUE,FALSE,FALSE,FALSE,FALSE,FALSE,FALSE,FALSE
6-110053839-G-A,ENSG00000112367:FIG4,TRUE,lof,FALSE,FALSE,FALSE,FALSE,FALSE,FALSE,FALSE,FALSE,FALSE,FALSE,FALSE,FALSE,FALSE,FALSE,FALSE
6-110053847-C-T,ENSG00000112367:FIG4,FALSE,lof,FALSE,FALSE,FALSE,FALSE,FALSE,FALSE,FALSE,FALSE,FALSE,FALSE,FALSE,FALSE,FALSE,FALSE,FALSE
6-110053878-AT-A,ENSG00000112367:FIG4,FALSE,insufficient_evidence,FALSE,FALSE,FALSE,TRUE,FALSE,FALSE,FALSE,FALSE,FALSE,FALSE,FALSE,FALSE,FALSE,FALSE,FALSE
6-110053892-T-A,ENSG00000112367:FIG4,FALSE,not_lof,FALSE,FALSE,FALSE,FALSE,FALSE,FALSE,FALSE,TRUE,FALSE,FALSE,FALSE,FALSE,FALSE,FALSE,FALSE
6-110056386-T-G,ENSG00000112367:FIG4,FALSE,lof,FALSE,FALSE,FALSE,FALSE,FALSE,FALSE,FALSE,FALSE,FALSE,FALSE,FALSE,FALSE,FALSE,FALSE,FALSE
6-110056402-C-T,ENSG00000112367:FIG4,FALSE,lof,FALSE,FALSE,FALSE,FALSE,FALSE,FALSE,FALSE,FALSE,FALSE,FALSE,FALSE,FALSE,FALSE,FALSE,FALSE
6-110056411-CT-C,ENSG00000112367:FIG4,FALSE,lof,FALSE,FALSE,FALSE,FALSE,FALSE,FALSE,FALSE,FALSE,FALSE,FALSE,FALSE,FALSE,FALSE,FALSE,FALSE
6-110056427-CA-C,ENSG00000112367:FIG4,FALSE,lof,FALSE,FALSE,FALSE,FALSE,FALSE,FALSE,FALSE,FALSE,FALSE,FALSE,FALSE,FALSE,FALSE,FALSE,FALSE
6-110056447-C-T,ENSG00000112367:FIG4,FALSE,lof,FALSE,FALSE,FALSE,FALSE,FALSE,FALSE,FALSE,FALSE,FALSE,FALSE,FALSE,FALSE,FALSE,FALSE,FALSE
6-110059532-AT-A,ENSG00000112367:FIG4,FALSE,insufficient_evidence,FALSE,FALSE,FALSE,TRUE,FALSE,FALSE,FALSE,FALSE,TRUE,FALSE,FALSE,FALSE,FALSE,FALSE,FALSE
6-110059565-T-A,ENSG00000112367:FIG4,FALSE,likely_lof,FALSE,TRUE,FALSE,FALSE,FALSE,FALSE,FALSE,FALSE,TRUE,FALSE,FALSE,FALSE,FALSE,FALSE,FALSE
6-110059570-G-A,ENSG00000112367:FIG4,FALSE,likely_lof,FALSE,FALSE,FALSE,FALSE,FALSE,FALSE,FALSE,FALSE,TRUE,FALSE,FALSE,FALSE,FALSE,FALSE,FALSE
6-110059618-G-A,ENSG00000112367:FIG4,FALSE,likely_lof,FALSE,FALSE,FALSE,FALSE,FALSE,FALSE,FALSE,FALSE,TRUE,FALSE,FALSE,FALSE,FALSE,FALSE,FALSE
6-110059637-TG-T,ENSG00000112367:FIG4,FALSE,likely_lof,FALSE,FALSE,FALSE,FALSE,FALSE,FALSE,FALSE,FALSE,TRUE,FALSE,FALSE,FALSE,FALSE,FALSE,FALSE
6-110059650-C-T,ENSG00000112367:FIG4,FALSE,likely_lof,FALSE,FALSE,FALSE,FALSE,FALSE,FALSE,FALSE,FALSE,TRUE,FALSE,FALSE,FALSE,FALSE,FALSE,FALSE
6-110062664-C-T,ENSG00000112367:FIG4,FALSE,likely_lof,FALSE,FALSE,FALSE,FALSE,FALSE,FALSE,FALSE,FALSE,TRUE,FALSE,FALSE,FALSE,FALSE,FALSE,FALSE
6-110062700-AGTAAATTT-A,ENSG00000112367:FIG4,FALSE,likely_lof,FALSE,FALSE,FALSE,FALSE,FALSE,FALSE,FALSE,FALSE,TRUE,FALSE,FALSE,FALSE,FALSE,FALSE,FALSE
6-110064311-A-C,ENSG00000112367:FIG4,FALSE,lof,FALSE,FALSE,FALSE,FALSE,FALSE,FALSE,FALSE,FALSE,FALSE,FALSE,FALSE,FALSE,FALSE,FALSE,FALSE
6-110064395-C-A,ENSG00000112367:FIG4,FALSE,likely_lof,FALSE,FALSE,FALSE,FALSE,FALSE,FALSE,FALSE,FALSE,TRUE,FALSE,FALSE,FALSE,FALSE,FALSE,FALSE
6-110064403-C-T,ENSG00000112367:FIG4,FALSE,likely_lof,FALSE,FALSE,FALSE,FALSE,FALSE,FALSE,FALSE,FALSE,TRUE,FALSE,FALSE,FALSE,FALSE,FALSE,FALSE
6-110064877-G-A,ENSG00000112367:FIG4,FALSE,likely_lof,FALSE,FALSE,FALSE,FALSE,FALSE,FALSE,FALSE,FALSE,FALSE,FALSE,FALSE,FALSE,FALSE,TRUE,FALSE
6-110064883-C-T,ENSG00000112367:FIG4,FALSE,lof,FALSE,FALSE,FALSE,FALSE,FALSE,FALSE,FALSE,FALSE,FALSE,FALSE,FALSE,FALSE,FALSE,FALSE,FALSE
6-110064925-C-T,ENSG00000112367:FIG4,FALSE,lof,FALSE,FALSE,FALSE,FALSE,FALSE,FALSE,FALSE,FALSE,FALSE,FALSE,FALSE,FALSE,FALSE,FALSE,FALSE
6-110064957-CA-C,ENSG00000112367:FIG4,FALSE,lof,FALSE,FALSE,FALSE,FALSE,FALSE,FALSE,FALSE,FALSE,FALSE,FALSE,FALSE,FALSE,FALSE,FALSE,FALSE
6-110081456-C-T,ENSG00000112367:FIG4,FALSE,lof,FALSE,FALSE,FALSE,FALSE,FALSE,FALSE,FALSE,FALSE,FALSE,FALSE,FALSE,FALSE,FALSE,FALSE,FALSE
6-110081540-CACACT-C,ENSG00000112367:FIG4,FALSE,insufficient_evidence,FALSE,FALSE,FALSE,TRUE,FALSE,FALSE,FALSE,FALSE,FALSE,FALSE,FALSE,FALSE,FALSE,FALSE,FALSE
6-110081553-AT-A,ENSG00000112367:FIG4,FALSE,lof,FALSE,FALSE,FALSE,FALSE,FALSE,FALSE,FALSE,FALSE,FALSE,FALSE,FALSE,FALSE,FALSE,FALSE,FALSE
6-110081554-T-G,ENSG00000112367:FIG4,FALSE,lof,FALSE,FALSE,FALSE,FALSE,FALSE,FALSE,FALSE,FALSE,FALSE,FALSE,FALSE,FALSE,FALSE,FALSE,FALSE
6-110081556-T-TA,ENSG00000112367:FIG4,FALSE,lof,FALSE,FALSE,FALSE,FALSE,FALSE,FALSE,FALSE,FALSE,FALSE,FALSE,FALSE,FALSE,FALSE,FALSE,FALSE
6-110081571-CCAAGTATA-C,ENSG00000112367:FIG4,FALSE,lof,FALSE,FALSE,FALSE,FALSE,FALSE,FALSE,FALSE,FALSE,FALSE,FALSE,FALSE,FALSE,FALSE,FALSE,FALSE
6-110083307-GT-G,ENSG00000112367:FIG4,FALSE,lof,FALSE,FALSE,FALSE,FALSE,FALSE,FALSE,FALSE,FALSE,FALSE,FALSE,FALSE,FALSE,FALSE,FALSE,FALSE
6-110083316-C-T,ENSG00000112367:FIG4,FALSE,lof,FALSE,FALSE,FALSE,FALSE,FALSE,FALSE,FALSE,FALSE,FALSE,FALSE,FALSE,FALSE,FALSE,FALSE,FALSE
6-110083353-CA-C,ENSG00000112367:FIG4,FALSE,lof,FALSE,FALSE,FALSE,FALSE,FALSE,FALSE,FALSE,FALSE,FALSE,FALSE,FALSE,FALSE,FALSE,FALSE,FALSE
6-110083391-A-AT,ENSG00000112367:FIG4,FALSE,lof,FALSE,FALSE,FALSE,FALSE,FALSE,FALSE,FALSE,FALSE,FALSE,FALSE,FALSE,FALSE,FALSE,FALSE,FALSE
6-110083411-G-A,ENSG00000112367:FIG4,FALSE,likely_not_lof,FALSE,FALSE,FALSE,FALSE,FALSE,FALSE,FALSE,TRUE,FALSE,FALSE,FALSE,FALSE,FALSE,FALSE,FALSE
6-110083411-G-T,ENSG00000112367:FIG4,FALSE,likely_not_lof,FALSE,FALSE,FALSE,FALSE,FALSE,FALSE,FALSE,TRUE,FALSE,FALSE,FALSE,FALSE,FALSE,FALSE,FALSE
6-110083412-T-C,ENSG00000112367:FIG4,FALSE,conflicting_evidence,FALSE,FALSE,FALSE,FALSE,FALSE,FALSE,FALSE,FALSE,FALSE,FALSE,FALSE,FALSE,FALSE,FALSE,FALSE
6-110085143-G-A,ENSG00000112367:FIG4,FALSE,lof,FALSE,FALSE,FALSE,FALSE,FALSE,FALSE,FALSE,FALSE,FALSE,FALSE,FALSE,FALSE,FALSE,FALSE,FALSE
6-110085144-AATGAACTAGG-A,ENSG00000112367:FIG4,FALSE,lof,FALSE,FALSE,FALSE,FALSE,FALSE,FALSE,FALSE,FALSE,FALSE,FALSE,FALSE,FALSE,FALSE,FALSE,FALSE
6-110085186-G-C,ENSG00000112367:FIG4,FALSE,likely_lof,FALSE,FALSE,FALSE,FALSE,FALSE,FALSE,FALSE,FALSE,FALSE,FALSE,FALSE,FALSE,FALSE,TRUE,FALSE
6-110086214-A-T,ENSG00000112367:FIG4,FALSE,lof,FALSE,FALSE,FALSE,FALSE,FALSE,FALSE,FALSE,FALSE,FALSE,FALSE,FALSE,FALSE,FALSE,FALSE,FALSE
6-110086228-C-T,ENSG00000112367:FIG4,FALSE,lof,FALSE,FALSE,FALSE,FALSE,FALSE,FALSE,FALSE,FALSE,FALSE,FALSE,FALSE,FALSE,FALSE,FALSE,FALSE
6-110086250-T-G,ENSG00000112367:FIG4,FALSE,lof,FALSE,FALSE,FALSE,FALSE,FALSE,FALSE,FALSE,FALSE,FALSE,FALSE,FALSE,FALSE,FALSE,FALSE,FALSE
6-110086365-G-A,ENSG00000112367:FIG4,FALSE,lof,FALSE,FALSE,FALSE,FALSE,FALSE,FALSE,FALSE,FALSE,FALSE,FALSE,FALSE,FALSE,FALSE,FALSE,FALSE
6-110087929-TA-T,ENSG00000112367:FIG4,FALSE,lof,FALSE,FALSE,FALSE,FALSE,FALSE,FALSE,FALSE,FALSE,FALSE,FALSE,FALSE,FALSE,FALSE,FALSE,FALSE
6-110087935-ATT-A,ENSG00000112367:FIG4,FALSE,insufficient_evidence,FALSE,FALSE,FALSE,TRUE,FALSE,FALSE,FALSE,FALSE,FALSE,FALSE,FALSE,FALSE,FALSE,FALSE,FALSE
6-110088010-G-GA,ENSG00000112367:FIG4,FALSE,lof,FALSE,FALSE,FALSE,FALSE,FALSE,FALSE,FALSE,FALSE,FALSE,FALSE,FALSE,FALSE,FALSE,FALSE,FALSE
6-110088023-A-T,ENSG00000112367:FIG4,FALSE,lof,FALSE,FALSE,FALSE,FALSE,FALSE,FALSE,FALSE,FALSE,FALSE,FALSE,FALSE,FALSE,FALSE,FALSE,FALSE
6-110088025-GAT-G,ENSG00000112367:FIG4,FALSE,lof,FALSE,FALSE,FALSE,FALSE,FALSE,FALSE,FALSE,FALSE,FALSE,FALSE,FALSE,FALSE,FALSE,FALSE,FALSE
6-110088031-ACCATGGAC-A,ENSG00000112367:FIG4,FALSE,lof,FALSE,FALSE,FALSE,FALSE,FALSE,FALSE,FALSE,FALSE,FALSE,FALSE,FALSE,FALSE,FALSE,FALSE,FALSE
6-110088087-AT-A,ENSG00000112367:FIG4,FALSE,lof,FALSE,FALSE,FALSE,FALSE,FALSE,FALSE,FALSE,FALSE,FALSE,FALSE,FALSE,FALSE,FALSE,FALSE,FALSE
6-110088097-AG-A,ENSG00000112367:FIG4,FALSE,lof,FALSE,FALSE,FALSE,FALSE,FALSE,FALSE,FALSE,FALSE,FALSE,FALSE,FALSE,FALSE,FALSE,FALSE,FALSE
6-110088099-G-T,ENSG00000112367:FIG4,FALSE,lof,FALSE,FALSE,FALSE,FALSE,FALSE,FALSE,FALSE,FALSE,FALSE,FALSE,FALSE,FALSE,FALSE,FALSE,FALSE
6-110098181-G-GGGAA,ENSG00000112367:FIG4,FALSE,lof,FALSE,FALSE,FALSE,FALSE,FALSE,FALSE,FALSE,FALSE,FALSE,FALSE,FALSE,FALSE,FALSE,FALSE,FALSE
6-110098219-T-G,ENSG00000112367:FIG4,FALSE,lof,FALSE,FALSE,FALSE,FALSE,FALSE,FALSE,FALSE,FALSE,FALSE,FALSE,FALSE,FALSE,FALSE,FALSE,FALSE
6-110106172-G-A,ENSG00000112367:FIG4,FALSE,lof,FALSE,FALSE,FALSE,FALSE,FALSE,FALSE,FALSE,FALSE,FALSE,FALSE,FALSE,FALSE,FALSE,FALSE,FALSE
6-110106188-G-A,ENSG00000112367:FIG4,FALSE,lof,FALSE,FALSE,FALSE,FALSE,FALSE,FALSE,FALSE,FALSE,FALSE,FALSE,FALSE,FALSE,FALSE,FALSE,FALSE
6-110106211-T-A,ENSG00000112367:FIG4,FALSE,lof,FALSE,FALSE,FALSE,FALSE,FALSE,FALSE,FALSE,FALSE,FALSE,FALSE,FALSE,FALSE,FALSE,FALSE,FALSE
6-110106873-G-C,ENSG00000112367:FIG4,FALSE,not_lof,FALSE,FALSE,FALSE,FALSE,FALSE,FALSE,FALSE,FALSE,TRUE,TRUE,FALSE,FALSE,FALSE,FALSE,TRUE
6-110107523-TAAAG-T,ENSG00000112367:FIG4,FALSE,lof,FALSE,FALSE,FALSE,FALSE,FALSE,FALSE,FALSE,FALSE,FALSE,FALSE,FALSE,FALSE,FALSE,FALSE,FALSE
6-110107541-A-AG,ENSG00000112367:FIG4,FALSE,lof,FALSE,FALSE,FALSE,FALSE,FALSE,FALSE,FALSE,FALSE,FALSE,FALSE,FALSE,FALSE,FALSE,FALSE,FALSE
6-110107555-TATG-T,ENSG00000112367:FIG4,FALSE,likely_lof,FALSE,TRUE,FALSE,FALSE,FALSE,FALSE,FALSE,FALSE,FALSE,FALSE,FALSE,FALSE,FALSE,FALSE,FALSE
6-110107631-T-A,ENSG00000112367:FIG4,FALSE,lof,FALSE,FALSE,FALSE,FALSE,FALSE,FALSE,FALSE,FALSE,FALSE,FALSE,FALSE,FALSE,FALSE,FALSE,FALSE
6-110110873-G-GT,ENSG00000112367:FIG4,FALSE,lof,FALSE,FALSE,FALSE,FALSE,FALSE,FALSE,FALSE,FALSE,FALSE,FALSE,FALSE,FALSE,FALSE,FALSE,FALSE
6-110112578-G-A,ENSG00000112367:FIG4,TRUE,likely_lof,FALSE,FALSE,FALSE,FALSE,FALSE,FALSE,FALSE,FALSE,FALSE,FALSE,FALSE,FALSE,FALSE,TRUE,FALSE
6-110112610-C-T,ENSG00000112367:FIG4,FALSE,lof,FALSE,FALSE,FALSE,FALSE,FALSE,FALSE,FALSE,FALSE,FALSE,FALSE,FALSE,FALSE,FALSE,FALSE,FALSE
6-110112639-G-GC,ENSG00000112367:FIG4,FALSE,likely_not_lof,FALSE,TRUE,TRUE,FALSE,FALSE,FALSE,FALSE,FALSE,FALSE,FALSE,FALSE,FALSE,FALSE,FALSE,FALSE
6-110112680-ACT-A,ENSG00000112367:FIG4,FALSE,lof,FALSE,FALSE,FALSE,FALSE,FALSE,FALSE,FALSE,FALSE,FALSE,FALSE,FALSE,FALSE,FALSE,FALSE,FALSE
6-110112694-C-CG,ENSG00000112367:FIG4,FALSE,lof,FALSE,FALSE,FALSE,FALSE,FALSE,FALSE,FALSE,FALSE,FALSE,FALSE,FALSE,FALSE,FALSE,FALSE,FALSE
6-110112697-G-T,ENSG00000112367:FIG4,FALSE,lof,FALSE,FALSE,FALSE,FALSE,FALSE,FALSE,FALSE,FALSE,FALSE,FALSE,FALSE,FALSE,FALSE,FALSE,FALSE
6-110112710-CTG-C,ENSG00000112367:FIG4,FALSE,lof,FALSE,FALSE,FALSE,FALSE,FALSE,FALSE,FALSE,FALSE,FALSE,FALSE,FALSE,FALSE,FALSE,FALSE,FALSE
6-110112735-GA-G,ENSG00000112367:FIG4,FALSE,lof,FALSE,FALSE,FALSE,FALSE,FALSE,FALSE,FALSE,FALSE,FALSE,FALSE,FALSE,FALSE,FALSE,FALSE,FALSE
6-110112775-G-T,ENSG00000112367:FIG4,FALSE,likely_lof,FALSE,FALSE,FALSE,FALSE,FALSE,FALSE,FALSE,FALSE,FALSE,FALSE,FALSE,FALSE,FALSE,TRUE,FALSE
6-110112776-T-C,ENSG00000112367:FIG4,FALSE,likely_lof,FALSE,FALSE,FALSE,FALSE,FALSE,FALSE,FALSE,FALSE,FALSE,FALSE,FALSE,FALSE,FALSE,TRUE,FALSE
6-110112776-T-G,ENSG00000112367:FIG4,FALSE,likely_lof,FALSE,FALSE,FALSE,FALSE,FALSE,FALSE,FALSE,FALSE,FALSE,FALSE,FALSE,FALSE,FALSE,TRUE,FALSE
6-110113828-CAGAT-C,ENSG00000112367:FIG4,FALSE,lof,FALSE,FALSE,FALSE,FALSE,FALSE,FALSE,FALSE,FALSE,FALSE,FALSE,FALSE,FALSE,FALSE,FALSE,FALSE
6-110113868-G-A,ENSG00000112367:FIG4,FALSE,likely_lof,FALSE,FALSE,FALSE,FALSE,FALSE,FALSE,FALSE,FALSE,FALSE,FALSE,FALSE,FALSE,FALSE,TRUE,FALSE
6-110117966-A-G,ENSG00000112367:FIG4,FALSE,likely_lof,FALSE,FALSE,FALSE,TRUE,FALSE,FALSE,FALSE,FALSE,TRUE,FALSE,FALSE,FALSE,FALSE,TRUE,FALSE
6-110117967-G-A,ENSG00000112367:FIG4,FALSE,likely_lof,FALSE,FALSE,FALSE,FALSE,FALSE,FALSE,FALSE,FALSE,TRUE,FALSE,FALSE,FALSE,FALSE,TRUE,FALSE
6-110117975-C-T,ENSG00000112367:FIG4,FALSE,likely_lof,FALSE,FALSE,FALSE,FALSE,FALSE,FALSE,FALSE,FALSE,TRUE,FALSE,FALSE,FALSE,FALSE,FALSE,FALSE
6-110118019-GC-G,ENSG00000112367:FIG4,FALSE,not_lof,FALSE,FALSE,FALSE,FALSE,FALSE,FALSE,FALSE,FALSE,TRUE,FALSE,TRUE,FALSE,FALSE,FALSE,FALSE
6-110118025-TTC-T,ENSG00000112367:FIG4,FALSE,not_lof,FALSE,FALSE,FALSE,FALSE,FALSE,FALSE,FALSE,FALSE,TRUE,FALSE,TRUE,FALSE,FALSE,FALSE,FALSE
6-110118055-G-GT,ENSG00000112367:FIG4,FALSE,not_lof,FALSE,FALSE,FALSE,FALSE,FALSE,FALSE,FALSE,TRUE,TRUE,FALSE,TRUE,FALSE,FALSE,FALSE,FALSE
6-110146289-A-G,ENSG00000112367:FIG4,FALSE,not_lof,FALSE,FALSE,FALSE,FALSE,FALSE,FALSE,FALSE,FALSE,FALSE,FALSE,TRUE,FALSE,FALSE,FALSE,FALSE
6-110146290-G-A,ENSG00000112367:FIG4,FALSE,not_lof,FALSE,FALSE,FALSE,TRUE,FALSE,FALSE,FALSE,FALSE,FALSE,FALSE,TRUE,FALSE,FALSE,FALSE,FALSE
6-110146336-G-GC,ENSG00000112367:FIG4,FALSE,not_lof,FALSE,FALSE,TRUE,FALSE,FALSE,FALSE,FALSE,FALSE,FALSE,FALSE,TRUE,FALSE,FALSE,FALSE,FALSE
6-110146385-C-T,ENSG00000112367:FIG4,FALSE,not_lof,FALSE,FALSE,FALSE,FALSE,FALSE,FALSE,FALSE,FALSE,FALSE,FALSE,TRUE,FALSE,FALSE,FALSE,FALSE
6-110146404-T-TG,ENSG00000112367:FIG4,FALSE,not_lof,FALSE,FALSE,FALSE,FALSE,FALSE,FALSE,FALSE,FALSE,FALSE,FALSE,TRUE,FALSE,FALSE,FALSE,FALSE
6-110146406-C-T,ENSG00000112367:FIG4,FALSE,not_lof,FALSE,FALSE,FALSE,FALSE,FALSE,FALSE,FALSE,FALSE,FALSE,FALSE,TRUE,FALSE,FALSE,FALSE,FALSE
