Variant ID,Gene,Should Revisit,Verdict,Flag Mapping Error,Flag Genotyping Error,Flag Homopolymer,Flag No Read Data,Flag Reference Error,Flag Strand Bias,Flag Mnp,Flag Essential Splice Rescue,Flag Minority Of Transcripts,Flag Weak Exon Conservation,Flag Last Exon,Flag Other Transcript Error,Flag Low Relative Mean Pext/Pext does not Support Splicing,Flag Partial Exon Conservation,Flag Weak Essential Splice Rescue
1-155205098-ACTTG-A,ENSG00000177628:GBA;ENSG00000216109:AL713999.1;ENSG00000236675:MTX1P1,FALSE,likely_lof,TRUE,FALSE,FALSE,FALSE,FALSE,FALSE,FALSE,FALSE,FALSE,FALSE,FALSE,FALSE,FALSE,FALSE,FALSE
1-155205564-C-T,ENSG00000177628:GBA;ENSG00000216109:AL713999.1;ENSG00000236675:MTX1P1,FALSE,likely_lof,TRUE,FALSE,FALSE,TRUE,FALSE,FALSE,FALSE,FALSE,FALSE,FALSE,FALSE,FALSE,FALSE,FALSE,FALSE
1-155205610-C-T,ENSG00000177628:GBA;ENSG00000216109:AL713999.1;ENSG00000236675:MTX1P1,FALSE,likely_lof,TRUE,FALSE,FALSE,TRUE,FALSE,FALSE,FALSE,FALSE,FALSE,FALSE,FALSE,FALSE,FALSE,FALSE,FALSE
1-155205636-C-A,ENSG00000177628:GBA;ENSG00000216109:AL713999.1;ENSG00000236675:MTX1P1,FALSE,likely_lof,TRUE,FALSE,FALSE,FALSE,FALSE,FALSE,FALSE,FALSE,FALSE,FALSE,FALSE,FALSE,FALSE,FALSE,FALSE
1-155205637-T-C,ENSG00000177628:GBA;ENSG00000216109:AL713999.1;ENSG00000236675:MTX1P1,FALSE,likely_lof,TRUE,FALSE,FALSE,FALSE,FALSE,FALSE,FALSE,FALSE,FALSE,FALSE,FALSE,FALSE,FALSE,FALSE,FALSE
1-155206034-A-G,ENSG00000177628:GBA;ENSG00000216109:AL713999.1;ENSG00000236675:MTX1P1,FALSE,likely_lof,TRUE,FALSE,FALSE,FALSE,FALSE,FALSE,FALSE,FALSE,FALSE,FALSE,FALSE,FALSE,FALSE,FALSE,FALSE
1-155206068-G-A,ENSG00000177628:GBA;ENSG00000216109:AL713999.1;ENSG00000236675:MTX1P1,FALSE,likely_lof,TRUE,FALSE,FALSE,FALSE,FALSE,FALSE,FALSE,FALSE,FALSE,FALSE,FALSE,FALSE,FALSE,FALSE,FALSE
1-155206105-C-CT,ENSG00000177628:GBA;ENSG00000216109:AL713999.1;ENSG00000236675:MTX1P1,FALSE,likely_lof,TRUE,FALSE,FALSE,FALSE,FALSE,FALSE,FALSE,FALSE,FALSE,FALSE,FALSE,FALSE,FALSE,FALSE,FALSE
1-155206261-C-G,ENSG00000177628:GBA;ENSG00000216109:AL713999.1;ENSG00000236675:MTX1P1,FALSE,likely_lof,TRUE,FALSE,FALSE,FALSE,FALSE,FALSE,FALSE,FALSE,FALSE,FALSE,FALSE,FALSE,FALSE,FALSE,FALSE
1-155207216-AG-A,ENSG00000177628:GBA;ENSG00000216109:AL713999.1;ENSG00000236675:MTX1P1,FALSE,insufficient_evidence,TRUE,FALSE,FALSE,TRUE,FALSE,FALSE,FALSE,FALSE,FALSE,FALSE,FALSE,FALSE,FALSE,FALSE,FALSE
1-155207370-C-G,ENSG00000177628:GBA;ENSG00000216109:AL713999.1;ENSG00000236675:MTX1P1,FALSE,likely_lof,TRUE,FALSE,FALSE,FALSE,FALSE,FALSE,FALSE,FALSE,FALSE,FALSE,FALSE,FALSE,FALSE,FALSE,FALSE
1-155208051-GA-G,ENSG00000177628:GBA;ENSG00000216109:AL713999.1;ENSG00000236675:MTX1P1,FALSE,likely_lof,TRUE,FALSE,FALSE,FALSE,FALSE,FALSE,FALSE,FALSE,FALSE,FALSE,FALSE,FALSE,FALSE,FALSE,FALSE
1-155208073-G-A,ENSG00000177628:GBA;ENSG00000216109:AL713999.1;ENSG00000236675:MTX1P1,FALSE,likely_lof,TRUE,FALSE,FALSE,FALSE,FALSE,FALSE,FALSE,FALSE,FALSE,FALSE,FALSE,FALSE,FALSE,FALSE,FALSE
1-155208082-G-A,ENSG00000177628:GBA;ENSG00000216109:AL713999.1;ENSG00000236675:MTX1P1,FALSE,likely_lof,TRUE,TRUE,FALSE,FALSE,FALSE,FALSE,FALSE,FALSE,FALSE,FALSE,FALSE,FALSE,FALSE,FALSE,FALSE
1-155208089-CAG-C,ENSG00000177628:GBA;ENSG00000216109:AL713999.1;ENSG00000236675:MTX1P1,FALSE,likely_lof,TRUE,FALSE,FALSE,FALSE,FALSE,FALSE,FALSE,FALSE,FALSE,FALSE,FALSE,FALSE,FALSE,FALSE,FALSE
1-155208307-C-T,ENSG00000177628:GBA;ENSG00000216109:AL713999.1;ENSG00000236675:MTX1P1,FALSE,likely_lof,TRUE,FALSE,FALSE,FALSE,FALSE,FALSE,FALSE,FALSE,FALSE,FALSE,FALSE,FALSE,FALSE,FALSE,FALSE
1-155208442-C-G,ENSG00000177628:GBA;ENSG00000216109:AL713999.1;ENSG00000236675:MTX1P1,FALSE,likely_lof,TRUE,FALSE,FALSE,FALSE,FALSE,FALSE,FALSE,FALSE,FALSE,FALSE,FALSE,FALSE,FALSE,FALSE,FALSE
1-155209530-CT-C,ENSG00000177628:GBA;ENSG00000216109:AL713999.1,FALSE,likely_lof,TRUE,FALSE,FALSE,FALSE,FALSE,FALSE,FALSE,FALSE,FALSE,FALSE,FALSE,FALSE,FALSE,FALSE,FALSE
1-155209704-GC-G,ENSG00000177628:GBA;ENSG00000216109:AL713999.1,FALSE,likely_lof,TRUE,FALSE,FALSE,FALSE,FALSE,FALSE,FALSE,FALSE,FALSE,FALSE,FALSE,FALSE,FALSE,FALSE,FALSE
1-155209741-ACT-A,ENSG00000177628:GBA;ENSG00000216109:AL713999.1,FALSE,likely_lof,TRUE,FALSE,FALSE,FALSE,FALSE,FALSE,FALSE,FALSE,FALSE,FALSE,FALSE,FALSE,FALSE,FALSE,FALSE
1-155209764-CA-C,ENSG00000177628:GBA;ENSG00000216109:AL713999.1,FALSE,likely_lof,TRUE,FALSE,FALSE,FALSE,FALSE,FALSE,FALSE,FALSE,FALSE,FALSE,FALSE,FALSE,FALSE,FALSE,FALSE
1-155209780-C-CG,ENSG00000177628:GBA;ENSG00000216109:AL713999.1,FALSE,likely_not_lof,TRUE,FALSE,TRUE,FALSE,FALSE,FALSE,FALSE,FALSE,FALSE,FALSE,FALSE,FALSE,FALSE,FALSE,FALSE
1-155209869-C-T,ENSG00000177628:GBA;ENSG00000216109:AL713999.1,FALSE,likely_lof,TRUE,FALSE,FALSE,FALSE,FALSE,FALSE,FALSE,FALSE,FALSE,FALSE,FALSE,FALSE,FALSE,FALSE,FALSE
1-155210420-C-T,ENSG00000177628:GBA;ENSG00000216109:AL713999.1,FALSE,likely_lof,TRUE,FALSE,FALSE,FALSE,FALSE,FALSE,FALSE,FALSE,FALSE,TRUE,FALSE,FALSE,FALSE,FALSE,FALSE
1-155210428-C-T,ENSG00000177628:GBA;ENSG00000216109:AL713999.1,FALSE,likely_lof,TRUE,FALSE,FALSE,FALSE,FALSE,FALSE,FALSE,FALSE,FALSE,TRUE,FALSE,FALSE,FALSE,FALSE,FALSE
1-155210451-G-GC,ENSG00000177628:GBA;ENSG00000216109:AL713999.1,FALSE,likely_lof,TRUE,FALSE,FALSE,FALSE,FALSE,FALSE,FALSE,FALSE,FALSE,TRUE,FALSE,FALSE,FALSE,FALSE,FALSE
1-155210876-CCT-C,ENSG00000177628:GBA;ENSG00000216109:AL713999.1,FALSE,likely_lof,TRUE,FALSE,FALSE,FALSE,FALSE,FALSE,FALSE,FALSE,FALSE,TRUE,FALSE,FALSE,FALSE,FALSE,FALSE
11-6411864-C-A,ENSG00000166313:APBB1;ENSG00000166311:SMPD1,FALSE,insufficient_evidence,FALSE,FALSE,FALSE,FALSE,FALSE,FALSE,FALSE,FALSE,FALSE,TRUE,FALSE,TRUE,FALSE,FALSE,FALSE
11-6411887-GA-G,ENSG00000166313:APBB1;ENSG00000166311:SMPD1,FALSE,likely_lof,FALSE,FALSE,FALSE,FALSE,FALSE,FALSE,FALSE,FALSE,FALSE,TRUE,FALSE,FALSE,FALSE,FALSE,FALSE
11-6411907-GC-G,ENSG00000166313:APBB1;ENSG00000166311:SMPD1,FALSE,likely_not_lof,FALSE,FALSE,TRUE,FALSE,FALSE,FALSE,FALSE,FALSE,FALSE,TRUE,FALSE,FALSE,FALSE,FALSE,FALSE
11-6411907-G-GC,ENSG00000166313:APBB1;ENSG00000166311:SMPD1,FALSE,likely_not_lof,FALSE,FALSE,TRUE,FALSE,FALSE,FALSE,FALSE,FALSE,FALSE,TRUE,FALSE,FALSE,FALSE,FALSE,FALSE
11-6411929-GCC-G,ENSG00000166313:APBB1;ENSG00000166311:SMPD1,FALSE,not_lof,FALSE,FALSE,FALSE,FALSE,FALSE,FALSE,TRUE,FALSE,FALSE,TRUE,FALSE,FALSE,FALSE,FALSE,FALSE
11-6411962-TGGCG-T,ENSG00000166313:APBB1;ENSG00000166311:SMPD1,FALSE,not_lof,FALSE,TRUE,FALSE,FALSE,FALSE,FALSE,TRUE,FALSE,FALSE,TRUE,FALSE,FALSE,FALSE,FALSE,FALSE
11-6411976-TCTGA-T,ENSG00000166313:APBB1;ENSG00000166311:SMPD1,FALSE,likely_lof,FALSE,FALSE,FALSE,FALSE,FALSE,FALSE,FALSE,FALSE,FALSE,TRUE,FALSE,FALSE,FALSE,FALSE,FALSE
11-6412018-CT-C,ENSG00000166313:APBB1;ENSG00000166311:SMPD1,FALSE,likely_lof,FALSE,FALSE,FALSE,FALSE,FALSE,FALSE,FALSE,FALSE,FALSE,TRUE,FALSE,FALSE,FALSE,FALSE,FALSE
11-6412148-T-C,ENSG00000166313:APBB1;ENSG00000166311:SMPD1,FALSE,likely_lof,FALSE,FALSE,FALSE,FALSE,FALSE,FALSE,FALSE,FALSE,FALSE,TRUE,FALSE,FALSE,FALSE,FALSE,TRUE
11-6412612-A-G,ENSG00000166313:APBB1;ENSG00000166311:SMPD1,FALSE,not_lof,FALSE,FALSE,FALSE,FALSE,FALSE,FALSE,FALSE,TRUE,FALSE,FALSE,FALSE,FALSE,FALSE,FALSE,FALSE
11-6412799-G-GC,ENSG00000166313:APBB1;ENSG00000166311:SMPD1,FALSE,likely_not_lof,FALSE,TRUE,FALSE,FALSE,FALSE,TRUE,FALSE,FALSE,FALSE,FALSE,FALSE,FALSE,FALSE,FALSE,FALSE
11-6412809-A-AT,ENSG00000166313:APBB1;ENSG00000166311:SMPD1,FALSE,lof,FALSE,FALSE,FALSE,FALSE,FALSE,FALSE,FALSE,FALSE,FALSE,FALSE,FALSE,FALSE,FALSE,FALSE,FALSE
11-6412831-CTT-C,ENSG00000166313:APBB1;ENSG00000166311:SMPD1,FALSE,lof,FALSE,FALSE,FALSE,FALSE,FALSE,FALSE,FALSE,FALSE,FALSE,FALSE,FALSE,FALSE,FALSE,FALSE,FALSE
11-6412862-A-AAC,ENSG00000166313:APBB1;ENSG00000166311:SMPD1,FALSE,not_lof,FALSE,TRUE,FALSE,FALSE,FALSE,TRUE,TRUE,FALSE,FALSE,FALSE,FALSE,FALSE,FALSE,FALSE,FALSE
11-6412897-GC-G,ENSG00000166313:APBB1;ENSG00000166311:SMPD1,FALSE,insufficient_evidence,FALSE,FALSE,FALSE,TRUE,FALSE,FALSE,FALSE,FALSE,FALSE,FALSE,FALSE,FALSE,FALSE,FALSE,FALSE
11-6413032-G-A,ENSG00000166313:APBB1;ENSG00000166311:SMPD1,FALSE,lof,FALSE,FALSE,FALSE,FALSE,FALSE,FALSE,FALSE,FALSE,FALSE,FALSE,FALSE,FALSE,FALSE,FALSE,FALSE
11-6413075-GAGCCTGTTGAGTGGGCTGGGCCC-G,ENSG00000166313:APBB1;ENSG00000166311:SMPD1,FALSE,lof,FALSE,FALSE,FALSE,FALSE,FALSE,FALSE,FALSE,FALSE,FALSE,FALSE,FALSE,FALSE,FALSE,FALSE,FALSE
11-6413083-T-A,ENSG00000166313:APBB1;ENSG00000166311:SMPD1,FALSE,lof,FALSE,FALSE,FALSE,FALSE,FALSE,FALSE,FALSE,FALSE,FALSE,FALSE,FALSE,FALSE,FALSE,FALSE,FALSE
11-6413285-TC-T,ENSG00000166313:APBB1;ENSG00000166311:SMPD1,FALSE,likely_not_lof,FALSE,FALSE,TRUE,FALSE,FALSE,FALSE,FALSE,FALSE,FALSE,FALSE,FALSE,FALSE,FALSE,FALSE,FALSE
11-6413320-G-A,ENSG00000166313:APBB1;ENSG00000166311:SMPD1,FALSE,lof,FALSE,FALSE,FALSE,FALSE,FALSE,FALSE,FALSE,FALSE,FALSE,FALSE,FALSE,FALSE,FALSE,FALSE,FALSE
11-6413349-G-T,ENSG00000166313:APBB1;ENSG00000166311:SMPD1,FALSE,lof,FALSE,FALSE,FALSE,FALSE,FALSE,FALSE,FALSE,FALSE,FALSE,FALSE,FALSE,FALSE,FALSE,FALSE,FALSE
11-6413357-G-A,ENSG00000166313:APBB1;ENSG00000166311:SMPD1,FALSE,lof,FALSE,FALSE,FALSE,FALSE,FALSE,FALSE,FALSE,FALSE,FALSE,FALSE,FALSE,FALSE,FALSE,FALSE,FALSE
11-6413379-AC-A,ENSG00000166313:APBB1;ENSG00000166311:SMPD1,FALSE,lof,FALSE,FALSE,FALSE,FALSE,FALSE,FALSE,FALSE,FALSE,FALSE,FALSE,FALSE,FALSE,FALSE,FALSE,FALSE
11-6413393-AT-A,ENSG00000166313:APBB1;ENSG00000166311:SMPD1,FALSE,likely_not_lof,FALSE,FALSE,FALSE,FALSE,FALSE,FALSE,FALSE,FALSE,TRUE,FALSE,FALSE,TRUE,TRUE,FALSE,FALSE
11-6414444-A-G,ENSG00000166313:APBB1;ENSG00000166311:SMPD1,FALSE,insufficient_evidence,FALSE,FALSE,FALSE,FALSE,FALSE,FALSE,FALSE,FALSE,TRUE,FALSE,FALSE,FALSE,TRUE,FALSE,FALSE
11-6414492-ATC-A,ENSG00000166313:APBB1;ENSG00000166311:SMPD1,FALSE,insufficient_evidence,FALSE,FALSE,FALSE,TRUE,FALSE,FALSE,FALSE,FALSE,TRUE,FALSE,FALSE,FALSE,FALSE,FALSE,FALSE
11-6414508-A-ATTTT,ENSG00000166313:APBB1;ENSG00000166311:SMPD1,FALSE,likely_not_lof,FALSE,FALSE,TRUE,FALSE,FALSE,FALSE,FALSE,FALSE,TRUE,FALSE,FALSE,FALSE,FALSE,FALSE,FALSE
11-6414845-A-T,ENSG00000166313:APBB1;ENSG00000166311:SMPD1,FALSE,lof,FALSE,FALSE,FALSE,FALSE,FALSE,FALSE,FALSE,FALSE,FALSE,FALSE,FALSE,FALSE,FALSE,FALSE,FALSE
11-6414846-G-T,ENSG00000166313:APBB1;ENSG00000166311:SMPD1,FALSE,lof,FALSE,FALSE,FALSE,FALSE,FALSE,FALSE,FALSE,FALSE,FALSE,FALSE,FALSE,FALSE,FALSE,FALSE,FALSE
11-6414909-C-CCGAATTGTAGCCAGGTAGGA,ENSG00000166313:APBB1;ENSG00000166311:SMPD1,TRUE,not_lof,FALSE,FALSE,FALSE,FALSE,FALSE,FALSE,TRUE,FALSE,FALSE,FALSE,FALSE,FALSE,FALSE,FALSE,FALSE
11-6414910-C-T,ENSG00000166313:APBB1;ENSG00000166311:SMPD1,FALSE,lof,FALSE,FALSE,FALSE,FALSE,FALSE,FALSE,FALSE,FALSE,FALSE,FALSE,FALSE,FALSE,FALSE,FALSE,FALSE
11-6414924-G-A,ENSG00000166313:APBB1;ENSG00000166311:SMPD1,FALSE,lof,FALSE,FALSE,FALSE,FALSE,FALSE,FALSE,FALSE,FALSE,FALSE,FALSE,FALSE,FALSE,FALSE,FALSE,FALSE
11-6414925-T-C,ENSG00000166313:APBB1;ENSG00000166311:SMPD1,FALSE,lof,FALSE,FALSE,FALSE,FALSE,FALSE,FALSE,FALSE,FALSE,FALSE,FALSE,FALSE,FALSE,FALSE,FALSE,FALSE
11-6414925-T-G,ENSG00000166313:APBB1;ENSG00000166311:SMPD1,FALSE,lof,FALSE,FALSE,FALSE,FALSE,FALSE,FALSE,FALSE,FALSE,FALSE,FALSE,FALSE,FALSE,FALSE,FALSE,FALSE
11-6415125-G-T,ENSG00000166313:APBB1;ENSG00000166311:SMPD1,FALSE,lof,FALSE,FALSE,FALSE,FALSE,FALSE,FALSE,FALSE,FALSE,FALSE,FALSE,FALSE,FALSE,FALSE,FALSE,FALSE
11-6415140-T-TG,ENSG00000166313:APBB1;ENSG00000166311:SMPD1,FALSE,lof,FALSE,FALSE,FALSE,FALSE,FALSE,FALSE,FALSE,FALSE,FALSE,FALSE,FALSE,FALSE,FALSE,FALSE,FALSE
11-6415166-CAT-C,ENSG00000166313:APBB1;ENSG00000166311:SMPD1,FALSE,insufficient_evidence,FALSE,FALSE,FALSE,TRUE,FALSE,FALSE,FALSE,FALSE,FALSE,FALSE,FALSE,FALSE,FALSE,FALSE,FALSE
11-6415271-GGTGA-G,ENSG00000166313:APBB1;ENSG00000166311:SMPD1,FALSE,not_lof,FALSE,FALSE,FALSE,FALSE,FALSE,FALSE,FALSE,TRUE,FALSE,FALSE,TRUE,FALSE,FALSE,FALSE,FALSE
11-6415498-C-A,ENSG00000166313:APBB1;ENSG00000166311:SMPD1,FALSE,not_lof,FALSE,FALSE,FALSE,FALSE,FALSE,FALSE,FALSE,FALSE,FALSE,FALSE,TRUE,FALSE,FALSE,FALSE,FALSE
11-6415565-C-T,ENSG00000166313:APBB1;ENSG00000166311:SMPD1,FALSE,not_lof,FALSE,FALSE,FALSE,FALSE,FALSE,FALSE,FALSE,FALSE,FALSE,FALSE,TRUE,FALSE,FALSE,FALSE,FALSE
11-6415568-GA-G,ENSG00000166313:APBB1;ENSG00000166311:SMPD1,FALSE,not_lof,FALSE,FALSE,FALSE,FALSE,FALSE,FALSE,FALSE,FALSE,FALSE,FALSE,TRUE,FALSE,FALSE,FALSE,FALSE
11-6415568-G-T,ENSG00000166313:APBB1;ENSG00000166311:SMPD1,FALSE,not_lof,FALSE,FALSE,FALSE,FALSE,FALSE,FALSE,FALSE,FALSE,FALSE,FALSE,TRUE,FALSE,FALSE,FALSE,FALSE
11-6415615-GGT-G,ENSG00000166313:APBB1;ENSG00000166311:SMPD1,FALSE,not_lof,FALSE,FALSE,FALSE,FALSE,FALSE,FALSE,FALSE,FALSE,FALSE,FALSE,TRUE,FALSE,FALSE,FALSE,FALSE
11-6415721-ACT-A,ENSG00000166313:APBB1;ENSG00000166311:SMPD1,FALSE,not_lof,FALSE,FALSE,FALSE,FALSE,FALSE,FALSE,FALSE,FALSE,FALSE,FALSE,TRUE,FALSE,FALSE,FALSE,FALSE
17-78078419-CTCCT-C,ENSG00000141519:CCDC40;ENSG00000171298:GAA,FALSE,not_lof,FALSE,TRUE,FALSE,FALSE,FALSE,FALSE,TRUE,FALSE,FALSE,FALSE,FALSE,FALSE,FALSE,TRUE,FALSE
17-78078424-GGCCGT-G,ENSG00000141519:CCDC40;ENSG00000171298:GAA,FALSE,not_lof,FALSE,TRUE,FALSE,FALSE,FALSE,FALSE,TRUE,FALSE,FALSE,FALSE,FALSE,FALSE,FALSE,TRUE,FALSE
17-78078428-G-GT,ENSG00000141519:CCDC40;ENSG00000171298:GAA,FALSE,likely_lof,FALSE,TRUE,FALSE,FALSE,FALSE,FALSE,FALSE,FALSE,FALSE,FALSE,FALSE,FALSE,FALSE,TRUE,FALSE
17-78078503-C-T,ENSG00000141519:CCDC40;ENSG00000171298:GAA,FALSE,likely_not_lof,FALSE,FALSE,FALSE,FALSE,FALSE,FALSE,FALSE,FALSE,FALSE,FALSE,FALSE,TRUE,FALSE,TRUE,FALSE
17-78078590-C-T,ENSG00000141519:CCDC40;ENSG00000171298:GAA,FALSE,likely_not_lof,FALSE,TRUE,FALSE,FALSE,FALSE,FALSE,FALSE,FALSE,FALSE,FALSE,FALSE,TRUE,FALSE,TRUE,FALSE
17-78078601-C-CG,ENSG00000141519:CCDC40;ENSG00000171298:GAA,FALSE,likely_lof,FALSE,TRUE,FALSE,FALSE,FALSE,FALSE,FALSE,FALSE,FALSE,FALSE,FALSE,FALSE,FALSE,TRUE,FALSE
17-78078665-CCT-C,ENSG00000141519:CCDC40;ENSG00000171298:GAA,FALSE,likely_lof,FALSE,FALSE,FALSE,FALSE,FALSE,FALSE,FALSE,FALSE,FALSE,FALSE,FALSE,FALSE,FALSE,TRUE,FALSE
17-78078864-TCC-T,ENSG00000141519:CCDC40;ENSG00000171298:GAA,FALSE,likely_lof,FALSE,FALSE,FALSE,FALSE,FALSE,FALSE,FALSE,FALSE,FALSE,FALSE,FALSE,FALSE,FALSE,TRUE,FALSE
17-78078909-C-CT,ENSG00000141519:CCDC40;ENSG00000171298:GAA,FALSE,likely_lof,FALSE,FALSE,FALSE,FALSE,FALSE,FALSE,FALSE,FALSE,FALSE,FALSE,FALSE,FALSE,FALSE,TRUE,FALSE
17-78078909-CT-C,ENSG00000141519:CCDC40;ENSG00000171298:GAA,FALSE,likely_lof,FALSE,FALSE,FALSE,FALSE,FALSE,FALSE,FALSE,FALSE,FALSE,FALSE,FALSE,FALSE,FALSE,TRUE,FALSE
17-78078909-CTG-C,ENSG00000141519:CCDC40;ENSG00000171298:GAA,FALSE,likely_lof,FALSE,FALSE,FALSE,FALSE,FALSE,FALSE,FALSE,FALSE,FALSE,FALSE,FALSE,FALSE,FALSE,TRUE,FALSE
17-78078930-CGGTG-C,ENSG00000141519:CCDC40;ENSG00000171298:GAA,FALSE,likely_lof,FALSE,FALSE,FALSE,FALSE,FALSE,FALSE,FALSE,FALSE,FALSE,FALSE,FALSE,FALSE,FALSE,TRUE,FALSE
17-78078932-G-GTGGGC,ENSG00000141519:CCDC40;ENSG00000171298:GAA,FALSE,not_lof,FALSE,FALSE,FALSE,FALSE,FALSE,FALSE,FALSE,TRUE,FALSE,FALSE,FALSE,FALSE,FALSE,TRUE,FALSE
17-78079574-C-A,ENSG00000171298:GAA,FALSE,lof,FALSE,FALSE,FALSE,FALSE,FALSE,FALSE,FALSE,FALSE,FALSE,FALSE,FALSE,FALSE,FALSE,FALSE,FALSE
17-78079625-C-CT,ENSG00000171298:GAA,FALSE,lof,FALSE,FALSE,FALSE,FALSE,FALSE,FALSE,FALSE,FALSE,FALSE,FALSE,FALSE,FALSE,FALSE,FALSE,FALSE
17-78079694-G-A,ENSG00000171298:GAA,FALSE,lof,FALSE,FALSE,FALSE,FALSE,FALSE,FALSE,FALSE,FALSE,FALSE,FALSE,FALSE,FALSE,FALSE,FALSE,FALSE
17-78079694-G-C,ENSG00000171298:GAA,FALSE,lof,FALSE,FALSE,FALSE,FALSE,FALSE,FALSE,FALSE,FALSE,FALSE,FALSE,FALSE,FALSE,FALSE,FALSE,FALSE
17-78081481-G-A,ENSG00000171298:GAA,FALSE,likely_not_lof,FALSE,FALSE,FALSE,FALSE,FALSE,TRUE,FALSE,FALSE,FALSE,FALSE,FALSE,FALSE,FALSE,FALSE,FALSE
17-78081603-G-GT,ENSG00000171298:GAA,FALSE,lof,FALSE,FALSE,FALSE,FALSE,FALSE,FALSE,FALSE,FALSE,FALSE,FALSE,FALSE,FALSE,FALSE,FALSE,FALSE
17-78081672-T-TG,ENSG00000171298:GAA,FALSE,likely_lof,FALSE,TRUE,FALSE,FALSE,FALSE,FALSE,FALSE,FALSE,FALSE,FALSE,FALSE,FALSE,FALSE,FALSE,FALSE
17-78082312-G-A,ENSG00000171298:GAA,FALSE,lof,FALSE,FALSE,FALSE,FALSE,FALSE,FALSE,FALSE,FALSE,FALSE,FALSE,FALSE,FALSE,FALSE,FALSE,FALSE
17-78082338-TG-T,ENSG00000171298:GAA,FALSE,lof,FALSE,FALSE,FALSE,FALSE,FALSE,FALSE,FALSE,FALSE,FALSE,FALSE,FALSE,FALSE,FALSE,FALSE,FALSE
17-78082353-AC-A,ENSG00000171298:GAA,FALSE,lof,FALSE,FALSE,FALSE,FALSE,FALSE,FALSE,FALSE,FALSE,FALSE,FALSE,FALSE,FALSE,FALSE,FALSE,FALSE
17-78082405-TGGTGAGTTGGGGTGGTGGCAGG-T,ENSG00000171298:GAA,FALSE,lof,FALSE,FALSE,FALSE,FALSE,FALSE,FALSE,FALSE,FALSE,FALSE,FALSE,FALSE,FALSE,FALSE,FALSE,FALSE
17-78082494-A-G,ENSG00000171298:GAA,FALSE,likely_lof,FALSE,TRUE,FALSE,FALSE,FALSE,FALSE,FALSE,FALSE,FALSE,FALSE,FALSE,FALSE,FALSE,FALSE,FALSE
17-78082498-CG-C,ENSG00000171298:GAA,FALSE,lof,FALSE,FALSE,FALSE,FALSE,FALSE,FALSE,FALSE,FALSE,FALSE,FALSE,FALSE,FALSE,FALSE,FALSE,FALSE
17-78082586-C-T,ENSG00000171298:GAA,FALSE,lof,FALSE,FALSE,FALSE,FALSE,FALSE,FALSE,FALSE,FALSE,FALSE,FALSE,FALSE,FALSE,FALSE,FALSE,FALSE
17-78082592-C-CTGCA,ENSG00000171298:GAA,FALSE,lof,FALSE,FALSE,FALSE,FALSE,FALSE,FALSE,FALSE,FALSE,FALSE,FALSE,FALSE,FALSE,FALSE,FALSE,FALSE
17-78082628-G-A,ENSG00000171298:GAA,FALSE,not_lof,FALSE,TRUE,FALSE,FALSE,FALSE,FALSE,FALSE,TRUE,FALSE,FALSE,FALSE,FALSE,FALSE,FALSE,FALSE
17-78082629-T-C,ENSG00000171298:GAA,FALSE,not_lof,FALSE,FALSE,FALSE,FALSE,FALSE,FALSE,FALSE,TRUE,FALSE,FALSE,FALSE,FALSE,FALSE,FALSE,FALSE
17-78083742-A-G,ENSG00000171298:GAA,FALSE,lof,FALSE,FALSE,FALSE,FALSE,FALSE,FALSE,FALSE,FALSE,FALSE,FALSE,FALSE,FALSE,FALSE,FALSE,FALSE
17-78083807-A-AG,ENSG00000171298:GAA,FALSE,likely_not_lof,FALSE,FALSE,TRUE,FALSE,FALSE,FALSE,FALSE,FALSE,FALSE,FALSE,FALSE,FALSE,FALSE,FALSE,FALSE
17-78083827-CGAGA-C,ENSG00000171298:GAA,FALSE,lof,FALSE,FALSE,FALSE,FALSE,FALSE,FALSE,FALSE,FALSE,FALSE,FALSE,FALSE,FALSE,FALSE,FALSE,FALSE
17-78083855-G-A,ENSG00000171298:GAA,FALSE,lof,FALSE,FALSE,FALSE,FALSE,FALSE,FALSE,FALSE,FALSE,FALSE,FALSE,FALSE,FALSE,FALSE,FALSE,FALSE
17-78084525-G-T,ENSG00000171298:GAA,FALSE,likely_not_lof,FALSE,FALSE,FALSE,FALSE,FALSE,FALSE,FALSE,TRUE,FALSE,FALSE,FALSE,FALSE,FALSE,FALSE,FALSE
17-78084528-AT-A,ENSG00000171298:GAA,FALSE,insufficient_evidence,FALSE,FALSE,FALSE,TRUE,FALSE,FALSE,FALSE,FALSE,FALSE,FALSE,FALSE,FALSE,FALSE,FALSE,FALSE
17-78084584-G-A,ENSG00000171298:GAA,FALSE,lof,FALSE,FALSE,FALSE,FALSE,FALSE,FALSE,FALSE,FALSE,FALSE,FALSE,FALSE,FALSE,FALSE,FALSE,FALSE
17-78084636-G-A,ENSG00000171298:GAA,FALSE,lof,FALSE,FALSE,FALSE,FALSE,FALSE,FALSE,FALSE,FALSE,FALSE,FALSE,FALSE,FALSE,FALSE,FALSE,FALSE
17-78084640-G-T,ENSG00000171298:GAA,FALSE,not_lof,FALSE,FALSE,FALSE,FALSE,FALSE,FALSE,FALSE,TRUE,FALSE,FALSE,FALSE,FALSE,FALSE,FALSE,FALSE
17-78084766-CAG-C,ENSG00000171298:GAA,FALSE,insufficient_evidence,FALSE,FALSE,FALSE,TRUE,FALSE,FALSE,FALSE,FALSE,FALSE,FALSE,FALSE,FALSE,FALSE,FALSE,FALSE
17-78084776-GA-G,ENSG00000171298:GAA,FALSE,lof,FALSE,FALSE,FALSE,FALSE,FALSE,FALSE,FALSE,FALSE,FALSE,FALSE,FALSE,FALSE,FALSE,FALSE,FALSE
17-78084797-GA-G,ENSG00000171298:GAA,FALSE,lof,FALSE,FALSE,FALSE,FALSE,FALSE,FALSE,FALSE,FALSE,FALSE,FALSE,FALSE,FALSE,FALSE,FALSE,FALSE
17-78085789-T-TG,ENSG00000171298:GAA,FALSE,likely_not_lof,FALSE,FALSE,TRUE,FALSE,FALSE,FALSE,FALSE,FALSE,FALSE,FALSE,FALSE,FALSE,FALSE,FALSE,FALSE
17-78085870-C-A,ENSG00000171298:GAA,FALSE,lof,FALSE,FALSE,FALSE,FALSE,FALSE,FALSE,FALSE,FALSE,FALSE,FALSE,FALSE,FALSE,FALSE,FALSE,FALSE
17-78086444-C-T,ENSG00000171298:GAA,FALSE,lof,FALSE,FALSE,FALSE,FALSE,FALSE,FALSE,FALSE,FALSE,FALSE,FALSE,FALSE,FALSE,FALSE,FALSE,FALSE
17-78086447-T-TA,ENSG00000171298:GAA,FALSE,lof,FALSE,FALSE,FALSE,FALSE,FALSE,FALSE,FALSE,FALSE,FALSE,FALSE,FALSE,FALSE,FALSE,FALSE,FALSE
17-78086448-AC-A,ENSG00000171298:GAA,FALSE,lof,FALSE,FALSE,FALSE,FALSE,FALSE,FALSE,FALSE,FALSE,FALSE,FALSE,FALSE,FALSE,FALSE,FALSE,FALSE
17-78086468-G-GA,ENSG00000171298:GAA,FALSE,lof,FALSE,FALSE,FALSE,FALSE,FALSE,FALSE,FALSE,FALSE,FALSE,FALSE,FALSE,FALSE,FALSE,FALSE,FALSE
17-78086475-G-A,ENSG00000171298:GAA,FALSE,lof,FALSE,FALSE,FALSE,FALSE,FALSE,FALSE,FALSE,FALSE,FALSE,FALSE,FALSE,FALSE,FALSE,FALSE,FALSE
17-78086511-G-A,ENSG00000171298:GAA,FALSE,lof,FALSE,FALSE,FALSE,FALSE,FALSE,FALSE,FALSE,FALSE,FALSE,FALSE,FALSE,FALSE,FALSE,FALSE,FALSE
17-78086673-A-T,ENSG00000171298:GAA,FALSE,lof,FALSE,FALSE,FALSE,FALSE,FALSE,FALSE,FALSE,FALSE,FALSE,FALSE,FALSE,FALSE,FALSE,FALSE,FALSE
17-78086710-GT-G,ENSG00000171298:GAA,FALSE,lof,FALSE,FALSE,FALSE,FALSE,FALSE,FALSE,FALSE,FALSE,FALSE,FALSE,FALSE,FALSE,FALSE,FALSE,FALSE
17-78086714-G-GGGCCGAC,ENSG00000171298:GAA,FALSE,lof,FALSE,FALSE,FALSE,FALSE,FALSE,FALSE,FALSE,FALSE,FALSE,FALSE,FALSE,FALSE,FALSE,FALSE,FALSE
17-78086789-AC-A,ENSG00000171298:GAA,FALSE,lof,FALSE,FALSE,FALSE,FALSE,FALSE,FALSE,FALSE,FALSE,FALSE,FALSE,FALSE,FALSE,FALSE,FALSE,FALSE
17-78087016-G-A,ENSG00000171298:GAA,FALSE,not_lof,FALSE,FALSE,FALSE,TRUE,FALSE,FALSE,FALSE,TRUE,FALSE,FALSE,FALSE,FALSE,FALSE,FALSE,FALSE
17-78087097-C-CG,ENSG00000171298:GAA,FALSE,lof,FALSE,FALSE,FALSE,FALSE,FALSE,FALSE,FALSE,FALSE,FALSE,FALSE,FALSE,FALSE,FALSE,FALSE,FALSE
17-78090791-G-A,ENSG00000171298:GAA,FALSE,lof,FALSE,FALSE,FALSE,FALSE,FALSE,FALSE,FALSE,FALSE,FALSE,FALSE,FALSE,FALSE,FALSE,FALSE,FALSE
17-78090813-T-TG,ENSG00000171298:GAA,FALSE,likely_not_lof,FALSE,FALSE,TRUE,FALSE,FALSE,FALSE,FALSE,FALSE,FALSE,FALSE,FALSE,FALSE,FALSE,FALSE,FALSE
17-78090814-G-A,ENSG00000171298:GAA,FALSE,lof,FALSE,FALSE,FALSE,FALSE,FALSE,FALSE,FALSE,FALSE,FALSE,FALSE,FALSE,FALSE,FALSE,FALSE,FALSE
17-78090815-G-A,ENSG00000171298:GAA,FALSE,lof,FALSE,FALSE,FALSE,FALSE,FALSE,FALSE,FALSE,FALSE,FALSE,FALSE,FALSE,FALSE,FALSE,FALSE,FALSE
17-78090887-CA-C,ENSG00000171298:GAA,FALSE,lof,FALSE,FALSE,FALSE,FALSE,FALSE,FALSE,FALSE,FALSE,FALSE,FALSE,FALSE,FALSE,FALSE,FALSE,FALSE
17-78090909-G-C,ENSG00000171298:GAA,FALSE,lof,FALSE,FALSE,FALSE,FALSE,FALSE,FALSE,FALSE,FALSE,FALSE,FALSE,FALSE,FALSE,FALSE,FALSE,FALSE
17-78090910-T-A,ENSG00000171298:GAA,FALSE,lof,FALSE,FALSE,FALSE,FALSE,FALSE,FALSE,FALSE,FALSE,FALSE,FALSE,FALSE,FALSE,FALSE,FALSE,FALSE
17-78091424-TC-T,ENSG00000171298:GAA,FALSE,likely_lof,FALSE,TRUE,FALSE,FALSE,FALSE,FALSE,FALSE,FALSE,FALSE,FALSE,FALSE,FALSE,FALSE,TRUE,FALSE
17-78091433-CA-C,ENSG00000171298:GAA,TRUE,likely_lof,FALSE,FALSE,FALSE,FALSE,FALSE,FALSE,FALSE,FALSE,FALSE,FALSE,FALSE,FALSE,FALSE,TRUE,FALSE
17-78091471-GGGCAGTGGGTGACGCTGCC-G,ENSG00000171298:GAA,FALSE,likely_lof,FALSE,FALSE,FALSE,FALSE,FALSE,FALSE,FALSE,FALSE,FALSE,FALSE,FALSE,FALSE,FALSE,TRUE,FALSE
17-78091474-C-T,ENSG00000171298:GAA,FALSE,likely_lof,FALSE,FALSE,FALSE,FALSE,FALSE,FALSE,FALSE,FALSE,FALSE,FALSE,FALSE,FALSE,FALSE,TRUE,FALSE
17-78091498-CT-C,ENSG00000171298:GAA,FALSE,likely_lof,FALSE,TRUE,FALSE,FALSE,FALSE,FALSE,FALSE,FALSE,FALSE,FALSE,FALSE,FALSE,FALSE,TRUE,FALSE
17-78091990-A-G,ENSG00000171298:GAA,FALSE,lof,FALSE,FALSE,FALSE,FALSE,FALSE,FALSE,FALSE,FALSE,FALSE,FALSE,FALSE,FALSE,FALSE,FALSE,FALSE
17-78092003-C-CA,ENSG00000171298:GAA,FALSE,lof,FALSE,FALSE,FALSE,FALSE,FALSE,FALSE,FALSE,FALSE,FALSE,FALSE,FALSE,FALSE,FALSE,FALSE,FALSE
17-78092008-CCA-C,ENSG00000171298:GAA,FALSE,lof,FALSE,FALSE,FALSE,FALSE,FALSE,FALSE,FALSE,FALSE,FALSE,FALSE,FALSE,FALSE,FALSE,FALSE,FALSE
17-78092022-C-T,ENSG00000171298:GAA,FALSE,lof,FALSE,FALSE,FALSE,FALSE,FALSE,FALSE,FALSE,FALSE,FALSE,FALSE,FALSE,FALSE,FALSE,FALSE,FALSE
17-78092052-AC-A,ENSG00000171298:GAA,FALSE,lof,FALSE,FALSE,FALSE,FALSE,FALSE,FALSE,FALSE,FALSE,FALSE,FALSE,FALSE,FALSE,FALSE,FALSE,FALSE
17-78092070-C-T,ENSG00000171298:GAA,FALSE,lof,FALSE,FALSE,FALSE,FALSE,FALSE,FALSE,FALSE,FALSE,FALSE,FALSE,FALSE,FALSE,FALSE,FALSE,FALSE
17-78092072-A-AG,ENSG00000171298:GAA,FALSE,lof,FALSE,FALSE,FALSE,FALSE,FALSE,FALSE,FALSE,FALSE,FALSE,FALSE,FALSE,FALSE,FALSE,FALSE,FALSE
17-78092087-G-A,ENSG00000171298:GAA,FALSE,lof,FALSE,FALSE,FALSE,FALSE,FALSE,FALSE,FALSE,FALSE,FALSE,FALSE,FALSE,FALSE,FALSE,FALSE,FALSE
17-78092118-C-T,ENSG00000171298:GAA,FALSE,lof,FALSE,FALSE,FALSE,FALSE,FALSE,FALSE,FALSE,FALSE,FALSE,FALSE,FALSE,FALSE,FALSE,FALSE,FALSE
17-78092153-GA-G,ENSG00000171298:GAA,FALSE,lof,FALSE,FALSE,FALSE,FALSE,FALSE,FALSE,FALSE,FALSE,FALSE,FALSE,FALSE,FALSE,FALSE,FALSE,FALSE
17-78092467-G-T,ENSG00000171298:GAA,FALSE,lof,FALSE,FALSE,FALSE,FALSE,FALSE,FALSE,FALSE,FALSE,FALSE,FALSE,FALSE,FALSE,FALSE,FALSE,FALSE
17-78092488-GAGGGA-G,ENSG00000171298:GAA,FALSE,not_lof,FALSE,FALSE,FALSE,FALSE,FALSE,FALSE,FALSE,FALSE,FALSE,FALSE,TRUE,FALSE,FALSE,FALSE,FALSE
17-78092546-A-AG,ENSG00000171298:GAA,FALSE,not_lof,FALSE,TRUE,FALSE,TRUE,FALSE,FALSE,FALSE,FALSE,FALSE,FALSE,TRUE,FALSE,FALSE,FALSE,FALSE
17-78093070-G-A,ENSG00000171298:GAA,FALSE,not_lof,FALSE,FALSE,FALSE,FALSE,FALSE,FALSE,FALSE,FALSE,FALSE,TRUE,TRUE,FALSE,FALSE,FALSE,FALSE
4-980931-CG-C,ENSG00000127415:IDUA;ENSG00000145217:SLC26A1;ENSG00000145214:DGKQ,FALSE,not_lof,FALSE,TRUE,TRUE,FALSE,FALSE,FALSE,FALSE,FALSE,FALSE,TRUE,FALSE,FALSE,FALSE,FALSE,FALSE
4-980932-GC-G,ENSG00000127415:IDUA;ENSG00000145217:SLC26A1;ENSG00000145214:DGKQ,FALSE,likely_not_lof,FALSE,TRUE,TRUE,FALSE,FALSE,FALSE,FALSE,FALSE,FALSE,TRUE,FALSE,FALSE,FALSE,FALSE,FALSE
4-980951-G-T,ENSG00000127415:IDUA;ENSG00000145217:SLC26A1;ENSG00000145214:DGKQ,FALSE,likely_not_lof,FALSE,TRUE,FALSE,FALSE,FALSE,FALSE,FALSE,FALSE,FALSE,TRUE,FALSE,FALSE,FALSE,FALSE,FALSE
4-981012-G-A,ENSG00000127415:IDUA;ENSG00000145217:SLC26A1;ENSG00000145214:DGKQ,FALSE,likely_lof,FALSE,FALSE,FALSE,FALSE,FALSE,FALSE,FALSE,FALSE,FALSE,TRUE,FALSE,FALSE,FALSE,FALSE,FALSE
4-981031-G-A,ENSG00000127415:IDUA;ENSG00000145217:SLC26A1;ENSG00000145214:DGKQ,FALSE,likely_lof,FALSE,TRUE,FALSE,FALSE,FALSE,FALSE,FALSE,FALSE,FALSE,TRUE,FALSE,FALSE,FALSE,FALSE,FALSE
4-981596-G-GC,ENSG00000127415:IDUA;ENSG00000145217:SLC26A1;ENSG00000145214:DGKQ,FALSE,likely_not_lof,FALSE,FALSE,TRUE,FALSE,FALSE,FALSE,FALSE,FALSE,TRUE,FALSE,FALSE,FALSE,FALSE,FALSE,FALSE
4-981628-TAC-T,ENSG00000127415:IDUA;ENSG00000145217:SLC26A1;ENSG00000145214:DGKQ,FALSE,likely_lof,FALSE,FALSE,FALSE,FALSE,FALSE,FALSE,FALSE,FALSE,TRUE,FALSE,FALSE,FALSE,FALSE,FALSE,FALSE
4-981636-C-G,ENSG00000127415:IDUA;ENSG00000145217:SLC26A1;ENSG00000145214:DGKQ,FALSE,likely_lof,FALSE,FALSE,FALSE,FALSE,FALSE,FALSE,FALSE,FALSE,TRUE,FALSE,FALSE,FALSE,FALSE,FALSE,FALSE
4-981641-G-A,ENSG00000127415:IDUA;ENSG00000145217:SLC26A1;ENSG00000145214:DGKQ,FALSE,likely_lof,FALSE,FALSE,FALSE,FALSE,FALSE,FALSE,FALSE,FALSE,TRUE,FALSE,FALSE,FALSE,FALSE,FALSE,FALSE
4-981642-G-A,ENSG00000127415:IDUA;ENSG00000145217:SLC26A1;ENSG00000145214:DGKQ,FALSE,likely_lof,FALSE,FALSE,FALSE,FALSE,FALSE,FALSE,FALSE,FALSE,TRUE,FALSE,FALSE,FALSE,FALSE,FALSE,FALSE
4-981646-C-T,ENSG00000127415:IDUA;ENSG00000145217:SLC26A1;ENSG00000145214:DGKQ,FALSE,likely_lof,FALSE,FALSE,FALSE,FALSE,FALSE,FALSE,FALSE,FALSE,TRUE,FALSE,FALSE,FALSE,FALSE,FALSE,FALSE
4-981654-C-G,ENSG00000127415:IDUA;ENSG00000145217:SLC26A1;ENSG00000145214:DGKQ,FALSE,likely_lof,FALSE,FALSE,FALSE,FALSE,FALSE,FALSE,FALSE,FALSE,TRUE,FALSE,FALSE,FALSE,FALSE,FALSE,FALSE
4-981670-G-A,ENSG00000127415:IDUA;ENSG00000145217:SLC26A1;ENSG00000145214:DGKQ,FALSE,likely_lof,FALSE,FALSE,FALSE,FALSE,FALSE,FALSE,FALSE,FALSE,TRUE,FALSE,FALSE,FALSE,FALSE,FALSE,FALSE
4-981700-G-T,ENSG00000127415:IDUA;ENSG00000145217:SLC26A1;ENSG00000145214:DGKQ,FALSE,not_lof,FALSE,FALSE,FALSE,FALSE,FALSE,FALSE,FALSE,FALSE,TRUE,FALSE,FALSE,FALSE,TRUE,FALSE,FALSE
4-981701-T-C,ENSG00000127415:IDUA;ENSG00000145217:SLC26A1;ENSG00000145214:DGKQ,FALSE,not_lof,FALSE,FALSE,FALSE,FALSE,FALSE,FALSE,FALSE,FALSE,TRUE,FALSE,FALSE,TRUE,TRUE,FALSE,FALSE
4-981713-G-A,ENSG00000127415:IDUA;ENSG00000145217:SLC26A1;ENSG00000145214:DGKQ,FALSE,likely_lof,FALSE,FALSE,FALSE,FALSE,FALSE,FALSE,FALSE,FALSE,TRUE,FALSE,FALSE,FALSE,FALSE,FALSE,FALSE
4-981738-G-T,ENSG00000127415:IDUA;ENSG00000145217:SLC26A1;ENSG00000145214:DGKQ,FALSE,likely_lof,FALSE,TRUE,FALSE,FALSE,FALSE,FALSE,FALSE,FALSE,TRUE,FALSE,FALSE,FALSE,FALSE,FALSE,FALSE
4-985629-CG-C,ENSG00000127415:IDUA;ENSG00000145217:SLC26A1;ENSG00000145214:DGKQ,FALSE,not_lof,FALSE,FALSE,FALSE,FALSE,FALSE,FALSE,FALSE,FALSE,TRUE,TRUE,FALSE,FALSE,TRUE,FALSE,FALSE
4-985947-TCA-T,ENSG00000127415:IDUA;ENSG00000145217:SLC26A1,FALSE,not_lof,FALSE,FALSE,FALSE,FALSE,FALSE,FALSE,FALSE,FALSE,TRUE,TRUE,FALSE,FALSE,TRUE,FALSE,FALSE
4-985963-C-T,ENSG00000127415:IDUA;ENSG00000145217:SLC26A1,FALSE,not_lof,FALSE,FALSE,FALSE,FALSE,FALSE,FALSE,FALSE,FALSE,TRUE,TRUE,FALSE,FALSE,TRUE,FALSE,FALSE
4-985969-C-T,ENSG00000127415:IDUA;ENSG00000145217:SLC26A1,FALSE,not_lof,FALSE,FALSE,FALSE,FALSE,FALSE,FALSE,FALSE,FALSE,TRUE,TRUE,FALSE,FALSE,TRUE,FALSE,FALSE
4-994398-AG-A,ENSG00000127415:IDUA,FALSE,likely_not_lof,FALSE,FALSE,TRUE,FALSE,FALSE,FALSE,FALSE,FALSE,FALSE,FALSE,FALSE,FALSE,FALSE,FALSE,FALSE
4-994400-G-A,ENSG00000127415:IDUA,FALSE,lof,FALSE,FALSE,FALSE,FALSE,FALSE,FALSE,FALSE,FALSE,FALSE,FALSE,FALSE,FALSE,FALSE,FALSE,FALSE
4-994417-GC-G,ENSG00000127415:IDUA,FALSE,lof,FALSE,FALSE,FALSE,FALSE,FALSE,FALSE,FALSE,FALSE,FALSE,FALSE,FALSE,FALSE,FALSE,FALSE,FALSE
4-994486-G-C,ENSG00000127415:IDUA,FALSE,lof,FALSE,FALSE,FALSE,FALSE,FALSE,FALSE,FALSE,FALSE,FALSE,FALSE,FALSE,FALSE,FALSE,FALSE,FALSE
4-994668-A-G,ENSG00000127415:IDUA,FALSE,lof,FALSE,FALSE,FALSE,FALSE,FALSE,FALSE,FALSE,FALSE,FALSE,FALSE,FALSE,FALSE,FALSE,FALSE,FALSE
4-995255-G-A,ENSG00000127415:IDUA,FALSE,likely_lof,FALSE,FALSE,FALSE,FALSE,FALSE,FALSE,FALSE,FALSE,FALSE,FALSE,FALSE,FALSE,FALSE,FALSE,TRUE
4-995287-G-A,ENSG00000127415:IDUA,FALSE,lof,FALSE,FALSE,FALSE,FALSE,FALSE,FALSE,FALSE,FALSE,FALSE,FALSE,FALSE,FALSE,FALSE,FALSE,FALSE
4-995325-TTGACAACGTCTCCA-T,ENSG00000127415:IDUA,FALSE,lof,FALSE,FALSE,FALSE,FALSE,FALSE,FALSE,FALSE,FALSE,FALSE,FALSE,FALSE,FALSE,FALSE,FALSE,FALSE
4-995331-AC-A,ENSG00000127415:IDUA,FALSE,lof,FALSE,FALSE,FALSE,FALSE,FALSE,FALSE,FALSE,FALSE,FALSE,FALSE,FALSE,FALSE,FALSE,FALSE,FALSE
4-995352-G-A,ENSG00000127415:IDUA,FALSE,lof,FALSE,FALSE,FALSE,FALSE,FALSE,FALSE,FALSE,FALSE,FALSE,FALSE,FALSE,FALSE,FALSE,FALSE,FALSE
4-995465-A-C,ENSG00000127415:IDUA,FALSE,lof,FALSE,FALSE,FALSE,FALSE,FALSE,FALSE,FALSE,FALSE,FALSE,FALSE,FALSE,FALSE,FALSE,FALSE,FALSE
4-995483-C-A,ENSG00000127415:IDUA,FALSE,lof,FALSE,FALSE,FALSE,FALSE,FALSE,FALSE,FALSE,FALSE,FALSE,FALSE,FALSE,FALSE,FALSE,FALSE,FALSE
4-995483-C-G,ENSG00000127415:IDUA,FALSE,lof,FALSE,FALSE,FALSE,FALSE,FALSE,FALSE,FALSE,FALSE,FALSE,FALSE,FALSE,FALSE,FALSE,FALSE,FALSE
4-995488-C-CCTGCT,ENSG00000127415:IDUA,FALSE,lof,FALSE,FALSE,FALSE,FALSE,FALSE,FALSE,FALSE,FALSE,FALSE,FALSE,FALSE,FALSE,FALSE,FALSE,FALSE
4-995506-GC-G,ENSG00000127415:IDUA,FALSE,likely_lof,FALSE,TRUE,FALSE,FALSE,FALSE,FALSE,FALSE,FALSE,FALSE,FALSE,FALSE,FALSE,FALSE,FALSE,FALSE
4-995524-TGCGGCTGGGAGGCCCCG-T,ENSG00000127415:IDUA,FALSE,likely_lof,FALSE,TRUE,FALSE,FALSE,FALSE,FALSE,FALSE,FALSE,FALSE,FALSE,FALSE,FALSE,FALSE,FALSE,FALSE
4-995556-A-AC,ENSG00000127415:IDUA,FALSE,insufficient_evidence,FALSE,TRUE,FALSE,TRUE,FALSE,FALSE,FALSE,FALSE,FALSE,FALSE,FALSE,FALSE,FALSE,FALSE,FALSE
4-995591-GCGCCACTGCCA-G,ENSG00000127415:IDUA,FALSE,lof,FALSE,FALSE,FALSE,FALSE,FALSE,FALSE,FALSE,FALSE,FALSE,FALSE,FALSE,FALSE,FALSE,FALSE,FALSE
4-995659-TC-T,ENSG00000127415:IDUA,FALSE,lof,FALSE,FALSE,FALSE,FALSE,FALSE,FALSE,FALSE,FALSE,FALSE,FALSE,FALSE,FALSE,FALSE,FALSE,FALSE
4-995672-G-GCGCCCTGCCCCTCCGTC,ENSG00000127415:IDUA,FALSE,not_lof,FALSE,TRUE,FALSE,FALSE,FALSE,FALSE,FALSE,FALSE,TRUE,FALSE,FALSE,FALSE,TRUE,FALSE,FALSE
4-995769-G-A,ENSG00000127415:IDUA,FALSE,likely_lof,FALSE,TRUE,FALSE,FALSE,FALSE,FALSE,FALSE,FALSE,FALSE,FALSE,FALSE,TRUE,FALSE,FALSE,FALSE
4-995778-C-T,ENSG00000127415:IDUA,FALSE,not_lof,FALSE,FALSE,FALSE,TRUE,FALSE,FALSE,FALSE,FALSE,TRUE,FALSE,FALSE,TRUE,FALSE,FALSE,FALSE
4-995841-C-T,ENSG00000127415:IDUA,FALSE,not_lof,FALSE,FALSE,FALSE,FALSE,FALSE,FALSE,FALSE,FALSE,TRUE,FALSE,FALSE,TRUE,FALSE,FALSE,FALSE
4-995868-C-T,ENSG00000127415:IDUA,FALSE,not_lof,FALSE,TRUE,FALSE,FALSE,FALSE,FALSE,FALSE,FALSE,TRUE,FALSE,FALSE,TRUE,FALSE,FALSE,FALSE
4-995871-C-T,ENSG00000127415:IDUA,FALSE,not_lof,FALSE,FALSE,FALSE,FALSE,FALSE,FALSE,FALSE,FALSE,TRUE,FALSE,FALSE,TRUE,FALSE,FALSE,FALSE
4-995970-GC-G,ENSG00000127415:IDUA,FALSE,not_lof,FALSE,TRUE,FALSE,FALSE,FALSE,FALSE,FALSE,FALSE,TRUE,FALSE,FALSE,FALSE,TRUE,FALSE,FALSE
4-995995-CG-C,ENSG00000127415:IDUA,FALSE,not_lof,FALSE,TRUE,FALSE,FALSE,FALSE,FALSE,FALSE,FALSE,TRUE,FALSE,FALSE,FALSE,TRUE,FALSE,FALSE
4-996113-C-G,ENSG00000127415:IDUA,FALSE,lof,FALSE,FALSE,FALSE,FALSE,FALSE,FALSE,FALSE,FALSE,FALSE,FALSE,FALSE,FALSE,FALSE,FALSE,FALSE
4-996180-A-ACCGCGCGCTTCCAGGTCAACAACAC,ENSG00000127415:IDUA,FALSE,lof,FALSE,FALSE,FALSE,FALSE,FALSE,FALSE,FALSE,FALSE,FALSE,FALSE,FALSE,FALSE,FALSE,FALSE,FALSE
4-996274-G-T,ENSG00000127415:IDUA,FALSE,likely_lof,FALSE,TRUE,FALSE,FALSE,FALSE,FALSE,FALSE,FALSE,FALSE,FALSE,FALSE,FALSE,FALSE,FALSE,FALSE
4-996535-G-A,ENSG00000127415:IDUA,FALSE,likely_lof,FALSE,FALSE,FALSE,FALSE,FALSE,FALSE,FALSE,FALSE,FALSE,TRUE,FALSE,FALSE,FALSE,FALSE,FALSE
4-996684-CGCAGCGTCGCGGTGACCCT-C,ENSG00000127415:IDUA,FALSE,likely_lof,FALSE,FALSE,FALSE,FALSE,FALSE,FALSE,FALSE,FALSE,FALSE,TRUE,FALSE,FALSE,FALSE,FALSE,FALSE
4-996707-G-GC,ENSG00000127415:IDUA,FALSE,insufficient_evidence,FALSE,TRUE,FALSE,FALSE,FALSE,FALSE,FALSE,FALSE,FALSE,TRUE,FALSE,FALSE,FALSE,FALSE,FALSE
4-996823-G-T,ENSG00000127415:IDUA,FALSE,likely_lof,FALSE,TRUE,FALSE,FALSE,FALSE,FALSE,FALSE,FALSE,FALSE,FALSE,FALSE,FALSE,FALSE,FALSE,TRUE
4-996842-G-GCT,ENSG00000127415:IDUA,FALSE,lof,FALSE,FALSE,FALSE,FALSE,FALSE,FALSE,FALSE,FALSE,FALSE,FALSE,FALSE,FALSE,FALSE,FALSE,FALSE
4-997221-TG-T,ENSG00000127415:IDUA,FALSE,lof,FALSE,FALSE,FALSE,FALSE,FALSE,FALSE,FALSE,FALSE,FALSE,FALSE,FALSE,FALSE,FALSE,FALSE,FALSE
4-997259-G-C,ENSG00000127415:IDUA,FALSE,lof,FALSE,FALSE,FALSE,FALSE,FALSE,FALSE,FALSE,FALSE,FALSE,FALSE,FALSE,FALSE,FALSE,FALSE,FALSE
4-997799-G-C,ENSG00000127415:IDUA,FALSE,likely_lof,FALSE,TRUE,FALSE,TRUE,FALSE,FALSE,FALSE,FALSE,FALSE,FALSE,FALSE,FALSE,FALSE,TRUE,FALSE
4-997815-C-G,ENSG00000127415:IDUA,FALSE,likely_lof,FALSE,FALSE,FALSE,FALSE,FALSE,FALSE,FALSE,FALSE,FALSE,FALSE,FALSE,FALSE,FALSE,TRUE,FALSE
4-998047-G-A,ENSG00000127415:IDUA,FALSE,not_lof,FALSE,FALSE,FALSE,FALSE,FALSE,FALSE,FALSE,TRUE,FALSE,FALSE,TRUE,FALSE,FALSE,TRUE,FALSE
X-100653854-CT-C,ENSG00000241343:RPL36A;ENSG00000257529:RPL36A-HNRNPH2;ENSG00000102393:GLA,FALSE,insufficient_evidence,FALSE,FALSE,FALSE,TRUE,FALSE,FALSE,FALSE,FALSE,FALSE,FALSE,FALSE,FALSE,FALSE,FALSE,FALSE
