Variant ID,Gene,Should Revisit,Verdict,Flag Mapping Error,Flag Genotyping Error,Flag Homopolymer,Flag No Read Data,Flag Reference Error,Flag Strand Bias,Flag Mnp,Flag Essential Splice Rescue,Flag Minority Of Transcripts,Flag Weak Exon Conservation,Flag Last Exon,Flag Other Transcript Error,Flag Partial Exon Conservation,Flag Weak Essential Splice Rescue,Flag Low Relative Mean Pext
19-7587668-G-A,ENSG00000090674:MCOLN1,FALSE,likely_lof,FALSE,FALSE,FALSE,FALSE,FALSE,FALSE,FALSE,FALSE,FALSE,TRUE,FALSE,FALSE,FALSE,FALSE,FALSE
19-7589852-G-T,ENSG00000090674:MCOLN1,FALSE,likely_lof,FALSE,FALSE,FALSE,FALSE,FALSE,FALSE,FALSE,FALSE,FALSE,FALSE,FALSE,FALSE,TRUE,FALSE,FALSE
19-7589984-C-T,ENSG00000090674:MCOLN1,FALSE,likely_lof,FALSE,FALSE,FALSE,FALSE,FALSE,FALSE,FALSE,FALSE,FALSE,FALSE,FALSE,FALSE,TRUE,FALSE,FALSE
19-7591324-G-C,ENSG00000090674:MCOLN1,FALSE,lof,FALSE,FALSE,FALSE,FALSE,FALSE,FALSE,FALSE,FALSE,FALSE,FALSE,FALSE,FALSE,FALSE,FALSE,FALSE
19-7591391-C-T,ENSG00000090674:MCOLN1,FALSE,lof,FALSE,FALSE,FALSE,FALSE,FALSE,FALSE,FALSE,FALSE,FALSE,FALSE,FALSE,FALSE,FALSE,FALSE,FALSE
19-7591489-CCAGGTGCTGGTGGGCGGG-C,ENSG00000090674:MCOLN1,FALSE,not_lof,FALSE,FALSE,FALSE,FALSE,FALSE,FALSE,FALSE,TRUE,FALSE,FALSE,FALSE,FALSE,FALSE,FALSE,FALSE
19-7591489-CCAGGTGCTGGTGGGCGGGCAGGTGCTGGTGGGCAGG-C,ENSG00000090674:MCOLN1,FALSE,not_lof,FALSE,TRUE,FALSE,TRUE,FALSE,FALSE,FALSE,TRUE,FALSE,FALSE,FALSE,FALSE,FALSE,FALSE,FALSE
19-7591490-C-CAGGT,ENSG00000090674:MCOLN1,FALSE,not_lof,FALSE,FALSE,FALSE,FALSE,FALSE,FALSE,TRUE,FALSE,FALSE,FALSE,FALSE,FALSE,FALSE,FALSE,FALSE
19-7591493-G-A,ENSG00000090674:MCOLN1,FALSE,not_lof,FALSE,FALSE,FALSE,FALSE,FALSE,FALSE,FALSE,TRUE,FALSE,FALSE,FALSE,FALSE,FALSE,FALSE,FALSE
19-7591645-A-G,ENSG00000090674:MCOLN1,FALSE,lof,FALSE,FALSE,FALSE,FALSE,FALSE,FALSE,FALSE,FALSE,FALSE,FALSE,FALSE,FALSE,FALSE,FALSE,FALSE
19-7591685-G-GT,ENSG00000090674:MCOLN1,FALSE,lof,FALSE,FALSE,FALSE,FALSE,FALSE,FALSE,FALSE,FALSE,FALSE,FALSE,FALSE,FALSE,FALSE,FALSE,FALSE
19-7591693-GT-G,ENSG00000090674:MCOLN1,FALSE,lof,FALSE,FALSE,FALSE,FALSE,FALSE,FALSE,FALSE,FALSE,FALSE,FALSE,FALSE,FALSE,FALSE,FALSE,FALSE
19-7591740-C-T,ENSG00000090674:MCOLN1,FALSE,lof,FALSE,FALSE,FALSE,FALSE,FALSE,FALSE,FALSE,FALSE,FALSE,FALSE,FALSE,FALSE,FALSE,FALSE,FALSE
19-7592422-TC-T,ENSG00000090674:MCOLN1,FALSE,likely_not_lof,FALSE,FALSE,TRUE,FALSE,FALSE,FALSE,FALSE,FALSE,FALSE,FALSE,FALSE,FALSE,TRUE,FALSE,FALSE
19-7593524-CT-C,ENSG00000090674:MCOLN1,FALSE,lof,FALSE,FALSE,FALSE,FALSE,FALSE,FALSE,FALSE,FALSE,FALSE,FALSE,FALSE,FALSE,FALSE,FALSE,FALSE
19-7593538-GTCCT-G,ENSG00000090674:MCOLN1,FALSE,lof,FALSE,FALSE,FALSE,FALSE,FALSE,FALSE,FALSE,FALSE,FALSE,FALSE,FALSE,FALSE,FALSE,FALSE,FALSE
19-7593569-CGAGGCTTCCTGCTGCAGAACGT-C,ENSG00000090674:MCOLN1,FALSE,likely_lof,FALSE,FALSE,FALSE,FALSE,FALSE,FALSE,FALSE,FALSE,FALSE,FALSE,FALSE,FALSE,FALSE,TRUE,FALSE
19-7593590-G-A,ENSG00000090674:MCOLN1,FALSE,likely_lof,FALSE,FALSE,FALSE,FALSE,FALSE,FALSE,FALSE,FALSE,FALSE,FALSE,FALSE,FALSE,FALSE,TRUE,FALSE
19-7593777-AT-A,ENSG00000090674:MCOLN1,FALSE,lof,FALSE,FALSE,FALSE,FALSE,FALSE,FALSE,FALSE,FALSE,FALSE,FALSE,FALSE,FALSE,FALSE,FALSE,FALSE
19-7593783-G-A,ENSG00000090674:MCOLN1,FALSE,lof,FALSE,FALSE,FALSE,FALSE,FALSE,FALSE,FALSE,FALSE,FALSE,FALSE,FALSE,FALSE,FALSE,FALSE,FALSE
19-7594030-C-A,ENSG00000090674:MCOLN1,FALSE,lof,FALSE,FALSE,FALSE,FALSE,FALSE,FALSE,FALSE,FALSE,FALSE,FALSE,FALSE,FALSE,FALSE,FALSE,FALSE
19-7595170-A-T,ENSG00000090674:MCOLN1,FALSE,lof,FALSE,FALSE,FALSE,FALSE,FALSE,FALSE,FALSE,FALSE,FALSE,FALSE,FALSE,FALSE,FALSE,FALSE,FALSE
19-7595375-C-T,ENSG00000090674:MCOLN1,FALSE,lof,FALSE,FALSE,FALSE,FALSE,FALSE,FALSE,FALSE,FALSE,FALSE,FALSE,FALSE,FALSE,FALSE,FALSE,FALSE
19-7598389-CTCCCGGCTTCTCTCCCCAGCA-C,ENSG00000090674:MCOLN1,FALSE,likely_not_lof,FALSE,FALSE,FALSE,FALSE,FALSE,FALSE,FALSE,TRUE,FALSE,FALSE,FALSE,FALSE,FALSE,FALSE,FALSE
19-7598420-C-CGCAGA,ENSG00000090674:MCOLN1,FALSE,not_lof,FALSE,FALSE,FALSE,FALSE,FALSE,FALSE,FALSE,FALSE,FALSE,FALSE,TRUE,FALSE,FALSE,FALSE,FALSE
19-7598438-C-T,ENSG00000090674:MCOLN1,FALSE,lof,FALSE,FALSE,FALSE,FALSE,FALSE,FALSE,FALSE,FALSE,FALSE,FALSE,FALSE,FALSE,FALSE,FALSE,FALSE
19-7598466-C-T,ENSG00000090674:MCOLN1,FALSE,lof,FALSE,FALSE,FALSE,FALSE,FALSE,FALSE,FALSE,FALSE,FALSE,FALSE,FALSE,FALSE,FALSE,FALSE,FALSE
19-7598471-C-T,ENSG00000090674:MCOLN1,FALSE,likely_not_lof,FALSE,FALSE,FALSE,FALSE,FALSE,FALSE,FALSE,FALSE,TRUE,FALSE,FALSE,TRUE,FALSE,FALSE,FALSE
